  Building Type,Area,Region,Outlet Name,Date,Tabs,No Of Items,No Of Bills,Sale,Discount,Packaging Charge [CART - SWIGGY],Restaurant Packaging Charges,Restaurant Charge,Platform Fee Charge,Delivery Charge,Total Charges,Net Sale,GST @5%,GST @18%,GST @12%,ECom_GST@5%,GST @40%,Total Tax,Total Amount,Round Off,Gross Amount,Covers,
"-","-","North","Coffee Island Beyond GK II",2025-09-01,"DINE IN",196.00,57,29150.03,156.00,0,0,0,0,0,0.00,28994.03,1410.02,122.79,13.39,0,0,1546.20,30540.23,13.77,30554.00,51.00,
"-","-","North","Coffee Island Beyond GK II",2025-09-01,"DELIVERY",33.00,11,5541.61,1285.98,90.00,210.00,0,0,0,300.00,4255.63,0,0,13.39,222.22,0,235.61,4791.24,1.76,4793.00,0.00,
"-","-","North","Coffee Island Beyond GK II",2025-09-01,"TAKEAWAY",12.00,6,2100.00,0.00,0,0,0,0,0,0.00,2100.00,105.00,0,0,0,0,105.00,2205.00,3.00,2208.00,6.00,
"-","-","North","Coffee Island Beyond GK II",2025-09-02,"DINE IN",135.00,40,17374.07,417.00,0,0,0,0,0,0.00,16957.07,840.65,25.93,0,0,0,866.58,17823.65,7.35,17831.00,31.00,
"-","-","North","Coffee Island Beyond GK II",2025-09-02,"TAKEAWAY",41.00,18,7414.83,913.02,0,0,0,0,0,0.00,6501.81,277.65,145.88,16.61,0,0,440.14,6941.95,3.05,6945.00,20.00,
"-","-","North","Coffee Island Beyond GK II",2025-09-02,"DELIVERY",41.00,15,5381.61,1193.99,150.00,300.00,0,0,0,450.00,4187.62,0,0,9.47,227.93,0,237.41,4875.03,1.97,4877.00,0.00,
"-","-","North","Coffee Island Beyond GK II",2025-09-03,"DELIVERY",50.00,17,6095.00,1817.98,270.00,240.00,0,0,0,510.00,4277.02,0,0,0,239.34,0,239.35,5026.37,1.63,5028.00,0.00,
"-","-","North","Coffee Island Beyond GK II",2025-09-03,"DINE IN",127.00,39,16210.09,403.00,0,0,0,0,0,0.00,15807.09,756.85,100.52,13.39,0,0,870.76,16677.85,8.15,16686.00,75.00,
"-","-","North","Coffee Island Beyond GK II",2025-09-03,"TAKEAWAY",11.00,5,1580.00,270.00,0,0,5.00,0,0,5.00,1310.00,66.40,0,0,0,0,66.40,1381.40,0.60,1382.00,3.00,
"-","-","North","Coffee Island Beyond GK II",2025-09-04,"DINE IN",100.00,32,12220.00,230.00,0,0,0,0,0,0.00,11990.00,599.50,0,0,0,0,599.50,12589.50,6.50,12596.00,28.00,
"-","-","North","Coffee Island Beyond GK II",2025-09-04,"DELIVERY",22.00,7,2805.00,764.49,150.00,60.00,0,0,0,210.00,2040.51,0,0,0,112.54,0,112.54,2363.05,0.95,2364.00,0.00,
"-","-","North","Coffee Island Beyond GK II",2025-09-04,"TAKEAWAY",26.00,6,3690.00,520.00,0,0,0,0,0,0.00,3170.00,158.50,0,0,0,0,158.50,3328.50,0.50,3329.00,6.00,
"-","-","North","Coffee Island Beyond GK II",2025-09-05,"DELIVERY",66.00,24,10243.83,2955.97,300.00,420.00,0,0,0,720.00,7287.86,0,179.40,0,350.57,0,529.97,8537.83,1.17,8539.00,0.00,
"-","-","North","Coffee Island Beyond GK II",2025-09-05,"DINE IN",171.00,49,27294.11,790.14,0,0,0,0,0,0.00,26503.97,1240.48,233.34,47.74,0,0,1521.55,28025.52,12.48,28038.00,60.00,
"-","-","North","Coffee Island Beyond GK II",2025-09-05,"TAKEAWAY",29.00,9,3625.87,268.00,0,0,10.00,0,0,10.00,3357.87,153.22,59.34,0,0,0,212.56,3580.43,0.57,3581.00,7.00,
"-","-","North","Coffee Island Beyond GK II",2025-09-05,"ONLINE",8.00,2,1240.00,100.00,0,0,40.00,10.00,30.00,80.00,1140.00,34.40,133.20,0,0,0,167.60,1387.60,0.40,1388.00,0.00,
"-","-","North","Coffee Island Beyond GK II",2025-09-06,"DELIVERY",47.00,16,7812.72,2119.99,60.00,420.00,0,0,0,480.00,5692.73,0,52.69,0,294.00,0,346.69,6519.42,1.58,6521.00,0.00,
"-","-","North","Coffee Island Beyond GK II",2025-09-06,"TAKEAWAY",68.00,20,9238.71,778.10,0,0,20.00,0,0,20.00,8460.61,411.99,38.44,9.53,0,0,459.96,8940.57,2.43,8943.00,15.00,
"-","-","North","Coffee Island Beyond GK II",2025-09-06,"DINE IN",223.00,59,31215.83,415.00,0,0,0,0,0,0.00,30800.83,1500.94,21.37,42.45,0,0,1564.76,32365.59,15.41,32381.00,70.00,
"-","-","North","Coffee Island Beyond GK II",2025-09-06,"ONLINE",2.00,1,540.00,100.00,0,0,20.00,5.00,30.00,55.00,440.00,31.90,0,0,0,0,31.90,526.90,0.10,527.00,0.00,
"-","-","North","Coffee Island Beyond GK II",2025-09-07,"DELIVERY",67.00,18,8455.42,2395.98,180.00,360.00,0,0,0,540.00,6059.44,0,57.30,0,316.57,0,371.37,6970.81,3.19,6974.00,0.00,
"-","-","North","Coffee Island Beyond GK II",2025-09-07,"DINE IN",215.00,57,31880.79,1327.00,0,0,0,0,0,0.00,30553.79,1512.72,53.93,0,0,0,1566.65,32120.44,13.56,32134.00,70.00,
"-","-","North","Coffee Island Beyond GK II",2025-09-07,"TAKEAWAY",34.00,12,4578.47,220.00,0,0,15.00,0,0,15.00,4358.47,211.21,33.92,0,0,0,245.13,4618.60,1.40,4620.00,11.00,
"-","-","North","Coffee Island Beyond GK II",2025-09-08,"DINE IN",89.00,37,13482.46,372.00,0,0,0,0,0,0.00,13110.46,644.90,18.15,13.39,0,0,676.44,13786.90,10.10,13797.00,39.00,
"-","-","North","Coffee Island Beyond GK II",2025-09-08,"DELIVERY",39.00,15,6805.00,1545.49,150.00,300.00,0,0,0,450.00,5259.51,0,0,0,285.49,0,285.49,5995.00,3.00,5998.00,0.00,
"-","-","North","Coffee Island Beyond GK II",2025-09-08,"TAKEAWAY",30.00,11,4280.00,282.00,0,0,5.00,0,0,5.00,3998.00,200.80,0.00,0,0,0,200.80,4203.80,2.20,4206.00,9.00,
"-","-","North","Coffee Island Beyond GK II",2025-09-09,"DELIVERY",51.00,15,7114.41,1809.98,150.00,300.00,0,0,0,450.00,5304.43,0,178.99,0,238.01,0,416.99,6171.42,1.58,6173.00,0.00,
"-","-","North","Coffee Island Beyond GK II",2025-09-09,"DINE IN",106.00,32,14182.85,590.00,0,0,0,0,0,0.00,13592.85,670.40,33.25,0,0,0,703.65,14296.50,5.50,14302.00,36.00,
"-","-","North","Coffee Island Beyond GK II",2025-09-09,"TAKEAWAY",40.00,16,7387.61,304.00,0,0,20.00,0,0,20.00,7083.61,352.14,0.18,13.39,0,0,365.71,7469.32,-0.32,7469.00,12.00,
"-","-","North","Coffee Island Beyond GK II",2025-09-10,"DINE IN",221.00,42,32287.29,2879.00,0,0,0,0,0,0.00,29408.29,1429.94,92.75,35.36,0,0,1558.05,30966.34,8.66,30975.00,59.00,
"-","-","North","Coffee Island Beyond GK II",2025-09-10,"DELIVERY",28.00,11,3310.00,871.99,120.00,210.00,0,0,0,330.00,2438.01,0,0,0,138.40,0,138.40,2906.41,1.59,2908.00,0.00,
"-","-","North","Coffee Island Beyond GK II",2025-09-10,"TAKEAWAY",24.00,11,4094.84,463.00,0,0,10.00,0,0,10.00,3631.84,150.27,119.28,0,0,0,269.55,3911.39,2.61,3914.00,10.00,
"-","-","North","Coffee Island Beyond GK II",2025-09-11,"DELIVERY",44.00,17,6343.80,1724.00,180.00,330.00,0,0,0,510.00,4619.80,0,0,0,256.49,0,256.50,5386.30,0.70,5387.00,0.00,
"-","-","North","Coffee Island Beyond GK II",2025-09-11,"DINE IN",95.00,37,15034.36,47.00,0,0,0,0,0,0.00,14987.36,693.06,202.74,0,0,0,895.80,15883.16,4.84,15888.00,42.00,
"-","-","North","Coffee Island Beyond GK II",2025-09-11,"TAKEAWAY",22.00,10,3840.00,0.00,0,0,5.00,0,0,5.00,3840.00,192.90,0,0,0,0,192.90,4037.90,3.10,4041.00,9.00,
"-","-","North","Coffee Island Beyond GK II",2025-09-12,"DELIVERY",35.00,10,5433.47,1240.54,90.00,210.00,0,0,0,300.00,4192.93,0,31.67,0,215.86,0,247.53,4740.46,0.54,4741.00,0.00,
"-","-","North","Coffee Island Beyond GK II",2025-09-12,"DINE IN",72.00,29,10039.00,151.00,0,0,0,0,0,0.00,9888.00,494.40,0,0,0,0,494.40,10382.40,1.60,10384.00,34.00,
"-","-","North","Coffee Island Beyond GK II",2025-09-12,"TAKEAWAY",103.00,21,14321.34,480.00,0,0,15.00,0,0,15.00,13841.34,669.96,36.30,35.36,0,0,741.62,14597.96,1.04,14599.00,29.00,
"-","-","North","Coffee Island Beyond GK II",2025-09-13,"DELIVERY",51.00,15,7644.49,1984.49,90.00,360.00,0,0,0,450.00,5660.00,0,66.51,0,287.03,0,353.54,6463.54,3.46,6467.00,0.00,
"-","-","North","Coffee Island Beyond GK II",2025-09-13,"DINE IN",212.00,58,33682.44,2399.19,0,0,0,0,0,0.00,31283.25,1526.76,134.66,0,0,0,1661.42,32944.67,10.33,32955.00,67.00,
"-","-","North","Coffee Island Beyond GK II",2025-09-13,"TAKEAWAY",32.00,14,5120.00,41.00,0,0,10.00,0,0,10.00,5079.00,255.75,0,0,0,0,255.75,5344.75,3.25,5348.00,13.00,
"-","-","North","Coffee Island Beyond GK II",2025-09-14,"DINE IN",253.00,77,36055.38,968.00,0,0,0,0,0,0.00,35087.38,1702.51,186.72,0,0,0,1889.23,36976.61,21.39,36998.00,89.00,
"-","-","North","Coffee Island Beyond GK II",2025-09-14,"TAKEAWAY",20.00,8,2770.00,470.00,0,0,15.00,0,0,15.00,2300.00,117.70,0,0,0,0,117.70,2432.70,0.30,2433.00,5.00,
"-","-","North","Coffee Island Beyond GK II",2025-09-14,"DELIVERY",42.00,14,6774.32,2002.99,120.00,300.00,0,0,0,420.00,4771.33,0,42.18,0,247.84,0,290.03,5481.36,2.64,5484.00,0.00,
"-","-","North","Coffee Island Beyond GK II",2025-09-15,"DELIVERY",55.00,15,6051.20,1195.50,150.00,300.00,0,0,0,450.00,4855.70,0,0,0,265.28,0,265.29,5570.99,3.01,5574.00,0.00,
"-","-","North","Coffee Island Beyond GK II",2025-09-15,"ONLINE",2.00,1,600.00,37.00,0,0,20.00,5.00,0,25.00,563.00,4.50,0,67.56,0,0,72.06,660.06,-0.06,660.00,0.00,
"-","-","North","Coffee Island Beyond GK II",2025-09-15,"TAKEAWAY",19.00,10,2712.30,138.00,0,0,5.00,0,0,5.00,2574.30,129.62,0,0,0,0,129.62,2708.92,3.08,2712.00,10.00,
"-","-","North","Coffee Island Beyond GK II",2025-09-15,"DINE IN",93.00,35,13731.90,47.00,0,0,0,0,0,0.00,13684.90,684.25,0,0,0,0,684.25,14369.15,5.85,14375.00,38.00,
"-","-","North","Coffee Island Beyond GK II",2025-09-16,"DELIVERY",47.00,15,5855.00,1988.50,120.00,330.00,0,0,0,450.00,3866.50,0,0,0,215.83,0,215.83,4532.33,3.67,4536.00,0.00,
"-","-","North","Coffee Island Beyond GK II",2025-09-16,"DINE IN",164.00,38,21317.87,224.00,0,0,0,0,0,0.00,21093.87,1037.94,60.33,0,0,0,1098.27,22192.14,7.86,22200.00,42.00,
"-","-","North","Coffee Island Beyond GK II",2025-09-16,"TAKEAWAY",8.00,4,970.00,119.00,0,0,10.00,0,0,10.00,851.00,44.37,0,0,0,0,44.37,905.37,-0.37,905.00,2.00,
"-","-","North","Coffee Island Beyond GK II",2025-09-17,"DINE IN",163.00,56,23358.59,567.16,0,0,0,0,0,0.00,22791.43,1083.50,90.61,74.19,0,0,1248.30,24039.73,11.27,24051.00,56.00,
"-","-","North","Coffee Island Beyond GK II",2025-09-17,"DELIVERY",45.00,15,6845.00,1889.98,120.00,330.00,0,0,0,450.00,4955.02,0,0,0,270.25,0,270.25,5675.27,1.73,5677.00,0.00,
"-","-","North","Coffee Island Beyond GK II",2025-09-17,"TAKEAWAY",14.00,7,2566.00,309.00,0,0,10.00,0,0,10.00,2257.00,103.35,20.52,13.44,0,0,137.31,2404.31,1.69,2406.00,4.00,
"-","-","North","Coffee Island Beyond GK II",2025-09-18,"DELIVERY",41.00,16,6003.14,1806.99,90.00,390.00,0,0,0,480.00,4196.15,0,62.66,0,216.40,0,279.06,4955.21,2.79,4958.00,0.00,
"-","-","North","Coffee Island Beyond GK II",2025-09-18,"DINE IN",159.00,41,22640.71,1000.00,0,0,0,0,0,0.00,21640.71,1067.66,23.64,18.75,0,0,1110.05,22750.76,5.24,22756.00,52.00,
"-","-","North","Coffee Island Beyond GK II",2025-09-18,"TAKEAWAY",21.00,6,2944.92,0.00,0,0,5.00,0,0,5.00,2944.92,125.31,82.22,0,0,0,207.53,3157.45,0.55,3158.00,8.00,
"-","-","North","Coffee Island Beyond GK II",2025-09-19,"DELIVERY",33.00,10,4644.30,1999.99,30.00,270.00,0,0,0,300.00,2644.31,0,0,0,147.22,0,147.22,3091.53,-0.53,3091.00,0.00,
"-","-","North","Coffee Island Beyond GK II",2025-09-19,"DINE IN",148.00,47,24165.95,809.00,0,0,0,0,0,0.00,23356.95,1122.81,162.15,0,0,0,1284.96,24641.91,10.09,24652.00,50.00,
"-","-","North","Coffee Island Beyond GK II",2025-09-19,"TAKEAWAY",8.00,5,1439.00,0.00,0,0,5.00,0,0,5.00,1439.00,72.85,0,0,0,0,72.85,1516.85,0.15,1517.00,4.00,
"-","-","North","Coffee Island Beyond GK II",2025-09-20,"DELIVERY",44.00,13,5935.00,1981.98,90.00,300.00,0,0,0,390.00,3953.02,0,0,0,217.15,0,217.15,4560.17,0.83,4561.00,0.00,
"-","-","North","Coffee Island Beyond GK II",2025-09-20,"TAKEAWAY",49.00,16,6330.00,197.00,0,0,20.00,0,0,20.00,6133.00,310.25,0,0,0,0,310.25,6463.25,2.75,6466.00,13.00,
"-","-","North","Coffee Island Beyond GK II",2025-09-20,"DINE IN",174.00,52,25685.20,1212.00,0,0,0,0,0,0.00,24473.20,1223.67,0,0,0,0,1223.67,25696.87,8.13,25705.00,50.00,
"-","-","North","Coffee Island Beyond GK II",2025-09-21,"DINE IN",202.00,63,29444.57,1511.00,0,0,0,0,0,0.00,27933.57,1342.21,67.67,85.60,0,0,1495.48,29429.05,10.95,29440.00,74.00,
"-","-","North","Coffee Island Beyond GK II",2025-09-21,"DELIVERY",54.00,18,8315.84,2420.97,150.00,360.00,0,0,0,510.00,5894.87,0,115.00,0,288.32,0,403.32,6808.19,1.81,6810.00,0.00,
"-","-","North","Coffee Island Beyond GK II",2025-09-21,"TAKEAWAY",24.00,5,3940.00,0.00,0,0,5.00,0,0,5.00,3940.00,197.90,0,0,0,0,197.90,4142.90,0.10,4143.00,4.00,
"-","-","North","Coffee Island Beyond GK II",2025-09-22,"DELIVERY",27.00,10,4050.00,670.00,60.00,240.00,0,0,0,300.00,3380.00,0,0,0,184.00,0,184.00,3864.00,1.00,3865.00,0.00,
"-","-","North","Coffee Island Beyond GK II",2025-09-22,"DINE IN",138.00,40,19223.56,288.00,0,0,0,0,0,0.00,18935.56,946.78,0,0,0,0,946.78,19882.34,8.66,19891.00,40.00,
"-","-","North","Coffee Island Beyond GK II",2025-09-22,"TAKEAWAY",25.00,8,3380.00,307.00,0,0,0,0,0,0.00,3073.00,153.65,0,0,0,0,153.65,3226.65,2.35,3229.00,7.00,
"-","-","North","Coffee Island Beyond GK II",2025-09-23,"TAKEAWAY",37.00,13,6061.18,657.90,0,0,15.00,0,0,15.00,5403.28,272.86,0,0.00,0,0,272.85,5691.13,2.87,5694.00,10.00,
"-","-","North","Coffee Island Beyond GK II",2025-09-23,"DINE IN",138.00,40,18313.54,715.11,0,0,0,0,0,0.00,17598.43,853.56,94.93,0,0,0,948.49,18546.92,10.08,18557.00,55.00,
"-","-","North","Coffee Island Beyond GK II",2025-09-23,"DELIVERY",34.00,13,4420.00,1159.00,120.00,270.00,0,0,0,390.00,3261.00,0,0,0,182.55,0,182.55,3833.55,2.45,3836.00,0.00,
"-","-","North","Coffee Island Beyond GK II",2025-09-24,"DINE IN",126.00,41,16334.65,358.54,0,0,0,0,0,0.00,15976.11,788.27,37.98,0,0,0,826.25,16802.36,4.64,16807.00,50.00,
"-","-","North","Coffee Island Beyond GK II",2025-09-24,"DELIVERY",35.00,14,5362.54,1744.99,210.00,210.00,0,0,0,420.00,3617.55,0,0,0,201.88,0,201.89,4239.44,1.56,4241.00,0.00,
"-","-","North","Coffee Island Beyond GK II",2025-09-24,"TAKEAWAY",29.00,13,4847.02,1040.00,0,0,15.00,0,0,15.00,3807.02,193.05,0,0,0,0,193.05,4015.07,0.93,4016.00,9.00,
"-","-","North","Coffee Island Beyond GK II",2025-09-25,"DELIVERY",57.00,15,8015.00,2093.49,120.00,330.00,0,0,0,450.00,5921.51,0,0,0,318.59,0,318.59,6690.10,1.90,6692.00,0.00,
"-","-","North","Coffee Island Beyond GK II",2025-09-25,"DINE IN",140.00,42,19066.39,665.00,0,0,0,0,0,0.00,18401.39,920.07,0,0,0,0,920.07,19321.46,4.54,19326.00,42.00,
"-","-","North","Coffee Island Beyond GK II",2025-09-25,"TAKEAWAY",25.00,8,3810.85,0.00,0,0,5.00,0,0,5.00,3810.85,191.44,0,0,0,0,191.44,4007.29,0.71,4008.00,7.00,
"-","-","North","Coffee Island Beyond GK II",2025-09-26,"DELIVERY",55.00,13,8870.85,2707.96,150.00,240.00,0,0,0,390.00,6162.89,0,0,0,327.65,0,327.65,6880.54,1.46,6882.00,0.00,
"-","-","North","Coffee Island Beyond GK II",2025-09-26,"DINE IN",190.00,60,30352.46,5987.71,0,0,0,0,0,0.00,24364.75,1193.90,63.96,0,0,52.54,1310.40,25675.15,9.85,25685.00,89.00,
"-","-","North","Coffee Island Beyond GK II",2025-09-26,"TAKEAWAY",34.00,13,5248.10,308.00,0,0,10.00,0,0,10.00,4940.10,209.36,142.02,0,0,0,351.38,5301.48,3.52,5305.00,12.00,
"-","-","North","Coffee Island Beyond GK II",2025-09-27,"DINE IN",159.00,54,23533.02,744.00,0,0,0,0,0,0.00,22789.02,1134.01,19.62,0,0,0,1153.63,23942.65,6.35,23949.00,54.00,
"-","-","North","Coffee Island Beyond GK II",2025-09-27,"DELIVERY",52.00,14,7450.53,2135.99,60.00,360.00,0,0,0,420.00,5314.54,0,0,0,286.73,0,286.73,6021.27,2.73,6024.00,0.00,
"-","-","North","Coffee Island Beyond GK II",2025-09-27,"TAKEAWAY",87.00,27,14122.27,400.00,0,0,20.00,0,0,20.00,13722.27,689.73,0,0,0,0,689.73,14432.00,5.00,14437.00,133.00,
"-","-","North","Coffee Island Beyond GK II",2025-09-28,"DINE IN",194.00,68,30153.41,1012.00,0,0,0,0,0,0.00,29141.41,1422.72,42.84,0,0,0,1465.56,30606.97,10.03,30617.00,86.00,
"-","-","North","Coffee Island Beyond GK II",2025-09-28,"TAKEAWAY",84.00,29,13725.13,497.00,0,0,10.00,0,0,10.00,13228.13,656.64,0,0,0,52.54,709.18,13947.31,6.69,13954.00,39.00,
"-","-","North","Coffee Island Beyond GK II",2025-09-28,"DELIVERY",35.00,10,4564.00,1203.00,30.00,270.00,0,0,0,300.00,3361.00,0,18.28,0,177.98,0,196.25,3857.25,0.75,3858.00,0.00,
"-","-","North","Coffee Island Beyond GK II",2025-09-29,"DINE IN",206.00,56,31335.97,1512.00,0,0,0,0,0,0.00,29823.97,1378.09,407.17,0,0,0,1785.26,31609.23,8.77,31618.00,72.00,
"-","-","North","Coffee Island Beyond GK II",2025-09-29,"DELIVERY",23.00,9,2982.39,648.78,90.00,180.00,0,0,0,270.00,2333.61,0,0,0,130.19,0,130.19,2733.80,3.20,2737.00,0.00,
"-","-","North","Coffee Island Beyond GK II",2025-09-29,"TAKEAWAY",32.00,14,4380.00,75.00,0,0,5.00,0,0,5.00,4305.00,216.15,0,0,0,0,216.15,4526.15,1.85,4528.00,13.00,
"-","-","North","Coffee Island Beyond GK II",2025-09-30,"DINE IN",268.00,69,36802.00,4449.85,0,0,0,0,0,0.00,32352.15,1613.11,0,0,0,36.10,1649.21,34001.36,12.64,34014.00,102.00,
"-","-","North","Coffee Island Beyond GK II",2025-09-30,"TAKEAWAY",107.00,23,16132.80,389.00,0,0,10.00,0,0,10.00,15743.80,789.00,0,0,0,0,789.00,16542.80,5.20,16548.00,22.00,
"-","-","North","Coffee Island Beyond GK II",2025-09-30,"DELIVERY",33.00,11,5468.00,1839.96,90.00,240.00,0,0,0,330.00,3628.04,0,0,0,197.90,0,197.91,4155.95,0.05,4156.00,0.00,
"-","-","North","Coffee Island HQ-27",2025-09-01,"DELIVERY",51.00,17,6797.50,2532.99,150.00,240.00,0,0,0,390.00,4264.51,0,0,0,232.74,0,232.75,4887.26,1.74,4889.00,0.00,
"-","-","North","Coffee Island HQ-27",2025-09-01,"TAKEAWAY",91.00,33,12728.56,1657.80,0,0,10.00,0,0,10.00,11070.76,534.25,55.67,13.39,0,0,603.31,11684.07,0.93,11685.00,37.00,
"-","-","North","Coffee Island HQ-27",2025-09-01,"DINE IN",172.00,39,25270.61,725.24,0,0,0,0,0,0.00,24545.37,1197.92,45.00,40.18,0,0,1283.10,25828.47,0.53,25829.00,77.00,
"-","-","North","Coffee Island HQ-27",2025-09-01,"ONLINE",1.00,1,257.00,0.00,0,0,5.00,5.00,30.00,40.00,257.00,20.05,0,0,0,0,20.05,317.05,-0.05,317.00,0.00,
"-","-","North","Coffee Island HQ-27",2025-09-02,"DINE IN",86.00,23,10824.89,406.26,0,0,0,0,0,0.00,10418.63,460.01,219.35,0.00,0,0,679.36,11097.99,1.01,11099.00,26.00,
"-","-","North","Coffee Island HQ-27",2025-09-02,"DELIVERY",35.00,11,4694.63,2048.23,180.00,60.00,0,0,0,240.00,2646.40,0,58.96,9.34,124.05,0,192.36,3078.76,0.24,3079.00,0.00,
"-","-","North","Coffee Island HQ-27",2025-09-02,"TAKEAWAY",49.00,14,6087.08,528.24,0,0,0,0,0,0.00,5558.84,270.12,0,18.75,0,0,288.87,5847.71,0.29,5848.00,14.00,
"-","-","North","Coffee Island HQ-27",2025-09-03,"DELIVERY",81.00,24,10353.75,4245.99,480.00,180.00,0,0,0,660.00,6107.76,0,0,0,338.39,0,338.40,7106.16,-0.16,7106.00,0.00,
"-","-","North","Coffee Island HQ-27",2025-09-03,"TAKEAWAY",88.00,28,12608.09,1466.41,0,0,5.00,0,0,5.00,11141.68,526.11,86.66,18.75,0,0,631.52,11778.20,0.80,11779.00,31.00,
"-","-","North","Coffee Island HQ-27",2025-09-03,"DINE IN",100.00,32,11379.08,1545.11,0,0,0,0,0,0.00,9833.97,491.67,0,0,0,0,491.67,10325.64,1.36,10327.00,53.00,
"-","-","North","Coffee Island HQ-27",2025-09-04,"DINE IN",102.00,29,13254.04,1512.68,0,0,0,0,0,0.00,11741.36,580.50,23.64,0,0,0,604.14,12345.50,-1.50,12344.00,31.00,
"-","-","North","Coffee Island HQ-27",2025-09-04,"DELIVERY",91.00,22,11892.50,4214.22,360.00,210.00,0,0,0,570.00,7678.28,0,0,0,412.40,0,412.41,8660.69,0.31,8661.00,0.00,
"-","-","North","Coffee Island HQ-27",2025-09-04,"TAKEAWAY",108.00,32,15565.08,905.53,0,0,20.00,0,0,20.00,14659.55,724.53,0,28.92,0,0,753.46,15433.01,0.99,15434.00,39.00,
"-","-","North","Coffee Island HQ-27",2025-09-04,"ONLINE",1.00,1,297.00,13.00,0,0,5.00,5.00,30.00,40.00,284.00,21.40,0,0,0,0,21.40,345.40,-0.40,345.00,0.00,
"-","-","North","Coffee Island HQ-27",2025-09-05,"TAKEAWAY",67.00,19,9097.99,1308.42,0,0,10.00,0,0,10.00,7789.57,380.55,18.53,13.39,0,0,412.47,8212.04,-0.04,8212.00,18.00,
"-","-","North","Coffee Island HQ-27",2025-09-05,"DELIVERY",72.00,15,8122.61,3232.45,120.00,60.00,0,0,0,180.00,4890.16,0,95.64,0,226.95,0,322.59,5392.75,-0.75,5392.00,0.00,
"-","-","North","Coffee Island HQ-27",2025-09-05,"DINE IN",161.00,37,20713.14,648.24,0,0,0,0,0,0.00,20064.90,990.60,0,30.26,0,0,1020.86,21085.76,3.24,21089.00,41.00,
"-","-","North","Coffee Island HQ-27",2025-09-06,"DELIVERY",67.00,21,10029.92,3199.48,270.00,240.00,0,0,0,510.00,6830.44,0,56.72,0,351.27,0,407.99,7748.43,1.57,7750.00,0.00,
"-","-","North","Coffee Island HQ-27",2025-09-06,"DINE IN",123.00,32,18318.73,457.19,0,0,0,0,0,0.00,17861.54,851.95,123.09,16.61,0,0,991.65,18853.19,0.81,18854.00,38.00,
"-","-","North","Coffee Island HQ-27",2025-09-06,"TAKEAWAY",73.00,29,11230.71,1010.81,0,0,10.00,0,0,10.00,10219.90,494.57,65.59,0,0,0,560.16,10790.06,-0.06,10790.00,35.00,
"-","-","North","Coffee Island HQ-27",2025-09-07,"DINE IN",98.00,24,13471.02,1022.16,0,0,0,0,0,0.00,12448.86,533.51,295.36,16.61,0,0,845.48,13294.34,0.66,13295.00,32.00,
"-","-","North","Coffee Island HQ-27",2025-09-07,"DELIVERY",68.00,19,9388.20,3139.98,330.00,120.00,0,0,0,450.00,6248.22,0,52.55,18.75,312.52,0,383.81,7082.03,-1.03,7081.00,0.00,
"-","-","North","Coffee Island HQ-27",2025-09-07,"TAKEAWAY",26.00,7,3324.23,490.18,0,0,5.00,0,0,5.00,2834.05,137.55,18.15,0.00,0,0,155.70,2994.75,0.25,2995.00,6.00,
"-","-","North","Coffee Island HQ-27",2025-09-08,"DELIVERY",68.00,21,8734.94,3278.23,210.00,240.00,0,0,0,450.00,5456.71,0,0,0,295.33,0,295.34,6202.05,-1.05,6201.00,0.00,
"-","-","North","Coffee Island HQ-27",2025-09-08,"TAKEAWAY",58.00,16,7302.50,2321.32,0,0,5.00,0,0,5.00,4981.18,233.40,59.58,0,0,0,292.98,5279.16,0.84,5280.00,16.00,
"-","-","North","Coffee Island HQ-27",2025-09-08,"DINE IN",82.00,27,10455.45,780.59,0,0,0,0,0,0.00,9674.86,460.96,41.79,26.78,0,0,529.53,10204.39,0.61,10205.00,31.00,
"-","-","North","Coffee Island HQ-27",2025-09-09,"DELIVERY",97.00,25,12233.88,4989.24,210.00,240.00,0,0,0,450.00,7244.64,0,183.98,0,333.64,0,517.62,8212.26,-1.26,8211.00,0.00,
"-","-","North","Coffee Island HQ-27",2025-09-09,"DINE IN",110.00,31,15090.77,781.36,0,0,0,0,0,0.00,14309.41,715.41,0,0,0,0,715.42,15024.83,1.17,15026.00,33.00,
"-","-","North","Coffee Island HQ-27",2025-09-09,"TAKEAWAY",95.00,25,12009.39,1772.71,0,0,20.00,0,0,20.00,10236.68,498.43,61.25,0,0,0,559.68,10816.36,1.64,10818.00,27.00,
"-","-","North","Coffee Island HQ-27",2025-09-10,"DELIVERY",67.00,23,9438.75,3511.50,420.00,210.00,0,0,0,630.00,5927.25,0,0,0,316.11,0,316.10,6873.35,-1.35,6872.00,0.00,
"-","-","North","Coffee Island HQ-27",2025-09-10,"TAKEAWAY",88.00,24,13520.27,1475.02,0,0,15.00,0,0,15.00,12045.25,588.05,60.82,0,0,0,648.87,12709.12,1.88,12711.00,33.00,
"-","-","North","Coffee Island HQ-27",2025-09-10,"DINE IN",126.00,46,18064.08,1461.58,0,0,0,0,0,0.00,16602.50,796.35,47.89,49.01,0,0,893.25,17495.75,0.25,17496.00,51.00,
"-","-","North","Coffee Island HQ-27",2025-09-11,"DINE IN",121.00,35,16073.82,642.33,0,0,0,0,0,0.00,15431.49,723.16,42.07,88.08,0,0,853.31,16284.80,1.20,16286.00,36.00,
"-","-","North","Coffee Island HQ-27",2025-09-11,"DELIVERY",57.00,17,7591.25,2740.10,330.00,180.00,0,0,0,510.00,4851.15,0,0,0,268.07,0,268.08,5629.23,-0.23,5629.00,0.00,
"-","-","North","Coffee Island HQ-27",2025-09-11,"TAKEAWAY",102.00,31,15408.38,1866.28,0,0,15.00,0,0,15.00,13542.10,587.31,284.70,32.14,0,0,904.16,14461.26,1.74,14463.00,33.00,
"-","-","North","Coffee Island HQ-27",2025-09-12,"DELIVERY",62.00,17,8217.50,3481.23,240.00,270.00,0,0,0,510.00,4736.27,0,0,0,262.33,0,262.33,5508.60,-1.60,5507.00,0.00,
"-","-","North","Coffee Island HQ-27",2025-09-12,"DINE IN",125.00,41,15086.31,1145.18,0,0,0,0,0,0.00,13941.13,678.05,25.93,28.23,0,0,732.21,14673.34,2.66,14676.00,42.00,
"-","-","North","Coffee Island HQ-27",2025-09-12,"TAKEAWAY",98.00,26,12053.04,624.23,0,0,5.00,0,0,5.00,11428.81,545.81,34.87,40.39,0,0,621.07,12054.88,1.12,12056.00,26.00,
"-","-","North","Coffee Island HQ-27",2025-09-13,"DELIVERY",63.00,15,8211.49,2178.21,270.00,180.00,0,0,0,450.00,6033.28,0,0,9.35,320.26,0,329.60,6812.88,1.12,6814.00,0.00,
"-","-","North","Coffee Island HQ-27",2025-09-13,"DINE IN",151.00,43,19714.14,2794.59,0,0,0,0,0,0.00,16919.55,811.56,103.65,13.39,0,0,928.60,17848.15,0.85,17849.00,51.00,
"-","-","North","Coffee Island HQ-27",2025-09-13,"TAKEAWAY",74.00,31,11041.97,885.50,0,0,20.00,0,0,20.00,10156.47,511.41,0,0,0,0,511.41,10687.88,-0.88,10687.00,28.00,
"-","-","North","Coffee Island HQ-27",2025-09-14,"DELIVERY",59.00,19,8454.35,2340.08,270.00,240.00,0,0,0,510.00,6114.27,0,0,0,331.21,0,331.22,6955.49,2.51,6958.00,0.00,
"-","-","North","Coffee Island HQ-27",2025-09-14,"DINE IN",98.00,24,13956.89,1763.84,0,0,0,0,0,0.00,12193.05,571.87,115.85,13.39,0,0,701.11,12894.16,-0.16,12894.00,32.00,
"-","-","North","Coffee Island HQ-27",2025-09-14,"TAKEAWAY",31.00,7,3635.62,134.10,0,0,0,0,0,0.00,3501.52,175.08,0,0,0,0,175.08,3676.60,0.40,3677.00,6.00,
"-","-","North","Coffee Island HQ-27",2025-09-15,"TAKEAWAY",117.00,37,14737.01,2128.24,0,0,20.00,0,0,20.00,12608.77,592.96,84.84,42.01,0,0,719.81,13348.58,2.42,13351.00,33.00,
"-","-","North","Coffee Island HQ-27",2025-09-15,"DELIVERY",106.00,26,13137.50,4986.73,390.00,390.00,0,0,0,780.00,8150.77,0,0,0,446.55,0,446.54,9377.31,-0.31,9377.00,0.00,
"-","-","North","Coffee Island HQ-27",2025-09-15,"DINE IN",88.00,23,12602.99,287.00,0,0,0,0,0,0.00,12315.99,586.64,16.51,58.82,0,0,661.97,12977.96,1.04,12979.00,31.00,
"-","-","North","Coffee Island HQ-27",2025-09-16,"DELIVERY",78.00,20,9575.00,3658.24,420.00,180.00,0,0,0,600.00,5916.76,0,0,0,325.84,0,325.84,6842.60,-0.60,6842.00,0.00,
"-","-","North","Coffee Island HQ-27",2025-09-16,"TAKEAWAY",78.00,24,10740.23,677.56,0,0,5.00,0,0,5.00,10062.67,482.63,77.06,0,0,0,559.69,10627.36,0.64,10628.00,34.00,
"-","-","North","Coffee Island HQ-27",2025-09-16,"DINE IN",108.00,37,12802.27,450.24,0,0,0,0,0,0.00,12352.03,606.43,0,26.78,0,0,633.21,12985.24,0.76,12986.00,45.00,
"-","-","North","Coffee Island HQ-27",2025-09-17,"DELIVERY",74.00,23,9257.50,3373.50,480.00,210.00,0,0,0,690.00,5884.00,0,0,0,328.71,0,328.71,6902.71,-2.71,6900.00,0.00,
"-","-","North","Coffee Island HQ-27",2025-09-17,"TAKEAWAY",93.00,33,14591.54,1000.10,0,0,5.00,0,0,5.00,13591.44,633.52,150.80,12.05,0,0,796.37,14392.81,3.19,14396.00,37.00,
"-","-","North","Coffee Island HQ-27",2025-09-17,"DINE IN",109.00,31,13700.31,874.53,0,0,0,0,0,0.00,12825.78,593.43,72.61,66.43,0,0,732.47,13558.25,-0.25,13558.00,33.00,
"-","-","North","Coffee Island HQ-27",2025-09-18,"TAKEAWAY",77.00,28,11409.04,1374.43,0,0,20.00,0,0,20.00,10034.61,495.23,36.30,0,0,0,531.53,10586.14,-0.14,10586.00,24.00,
"-","-","North","Coffee Island HQ-27",2025-09-18,"DELIVERY",44.00,16,6913.57,2025.99,270.00,210.00,0,0,0,480.00,4887.58,0,0,0,268.37,0,268.36,5635.94,0.06,5636.00,0.00,
"-","-","North","Coffee Island HQ-27",2025-09-18,"DINE IN",118.00,39,17788.39,1762.93,0,0,0,0,0,0.00,16025.46,730.47,125.01,86.58,0,0,942.06,16967.52,1.48,16969.00,41.00,
"-","-","North","Coffee Island HQ-27",2025-09-19,"DELIVERY",83.00,19,10949.45,4124.04,300.00,270.00,0,0,0,570.00,6825.41,0,23.64,11.31,358.49,0,393.45,7788.86,0.14,7789.00,0.00,
"-","-","North","Coffee Island HQ-27",2025-09-19,"DINE IN",64.00,21,7612.02,551.35,0,0,0,0,0,0.00,7060.67,335.98,47.31,9.38,0,0,392.67,7453.34,0.66,7454.00,20.00,
"-","-","North","Coffee Island HQ-27",2025-09-19,"TAKEAWAY",115.00,27,15148.34,811.43,0,0,0,0,0,0.00,14336.91,691.22,47.36,29.89,0,0,768.47,15105.38,1.62,15107.00,32.00,
"-","-","North","Coffee Island HQ-27",2025-09-20,"DELIVERY",78.00,24,10108.12,3143.45,540.00,180.00,0,0,0,720.00,6964.67,0,187.46,13.13,326.69,0,527.29,8211.96,-1.96,8210.00,0.00,
"-","-","North","Coffee Island HQ-27",2025-09-20,"DINE IN",155.00,45,24510.66,5153.43,0,0,0,0,0,0.00,19357.23,946.34,77.51,0,0,0,1023.85,20381.08,0.92,20382.00,46.00,
"-","-","North","Coffee Island HQ-27",2025-09-20,"TAKEAWAY",52.00,18,6476.29,794.50,0,0,10.00,0,0,10.00,5681.79,285.90,0,0,0,0,285.90,5977.69,0.31,5978.00,14.00,
"-","-","North","Coffee Island HQ-27",2025-09-21,"DELIVERY",92.00,26,11288.79,4204.72,540.00,240.00,0,0,0,780.00,7084.07,0,57.67,0,377.20,0,434.87,8298.94,-2.94,8296.00,0.00,
"-","-","North","Coffee Island HQ-27",2025-09-21,"DINE IN",53.00,20,7222.39,867.58,0,0,0,0,0,0.00,6354.81,312.01,20.59,0,0,0,332.60,6687.41,1.59,6689.00,18.00,
"-","-","North","Coffee Island HQ-27",2025-09-21,"TAKEAWAY",71.00,17,10466.36,0.00,0,0,0,0,0,0.00,10466.36,496.14,77.65,13.39,0,0,587.18,11053.54,1.46,11055.00,22.00,
"-","-","North","Coffee Island HQ-27",2025-09-22,"DINE IN",34.00,14,3388.83,333.41,0,0,0,0,0,0.00,3055.42,152.78,0,0,0,0,152.78,3208.20,0.80,3209.00,13.00,
"-","-","North","Coffee Island HQ-27",2025-09-22,"TAKEAWAY",79.00,22,8597.46,563.67,0,0,10.00,0,0,10.00,8033.79,403.50,0,0,0,0,403.50,8447.29,0.71,8448.00,24.00,
"-","-","North","Coffee Island HQ-27",2025-09-22,"DELIVERY",60.00,20,8275.00,3007.97,450.00,150.00,0,0,0,600.00,5267.03,0,0,0,293.37,0,293.36,6160.39,0.61,6161.00,0.00,
"-","-","North","Coffee Island HQ-27",2025-09-23,"TAKEAWAY",77.00,33,9865.87,1880.83,0,0,10.00,0,0,10.00,7985.04,392.96,0,19.43,0,0,412.39,8407.43,-0.43,8407.00,34.00,
"-","-","North","Coffee Island HQ-27",2025-09-23,"DELIVERY",82.00,27,10227.50,3825.73,420.00,390.00,0,0,0,810.00,6401.77,0,0,0,360.60,0,360.61,7572.38,-0.38,7572.00,0.00,
"-","-","North","Coffee Island HQ-27",2025-09-23,"DINE IN",79.00,21,9693.82,2207.80,0,0,0,0,0,0.00,7486.02,366.19,0,19.43,0,0,385.62,7871.64,0.36,7872.00,24.00,
"-","-","North","Coffee Island HQ-27",2025-09-24,"TAKEAWAY",36.00,12,4011.40,979.96,0,0,5.00,0,0,5.00,3031.44,152.46,0,0,0,0,152.46,3188.90,0.10,3189.00,9.00,
"-","-","North","Coffee Island HQ-27",2025-09-24,"DELIVERY",27.00,12,3628.47,867.75,120.00,240.00,0,0,0,360.00,2760.72,0,0,0,156.04,0,156.04,3276.76,-0.76,3276.00,0.00,
"-","-","North","Coffee Island HQ-27",2025-09-24,"DINE IN",126.00,36,15380.55,1130.87,0,0,0,0,0,0.00,14249.68,694.75,0,0,0,141.87,836.62,15086.30,1.70,15088.00,38.00,
"-","-","North","Coffee Island HQ-27",2025-09-25,"DELIVERY",92.00,25,12409.40,3890.49,480.00,270.00,0,0,0,750.00,8518.91,0,0,0,463.46,0,463.45,9732.36,-0.36,9732.00,0.00,
"-","-","North","Coffee Island HQ-27",2025-09-25,"TAKEAWAY",83.00,26,12317.26,881.25,0,0,25.00,0,0,25.00,11436.01,576.30,0,0,0,0,576.30,12037.31,1.69,12039.00,21.00,
"-","-","North","Coffee Island HQ-27",2025-09-25,"DINE IN",103.00,34,13156.20,979.03,0,0,0,0,0,0.00,12177.17,602.96,0,0,0,47.29,650.25,12827.42,1.58,12829.00,34.00,
"-","-","North","Coffee Island HQ-27",2025-09-26,"TAKEAWAY",64.00,20,7712.95,1110.09,0,0,0,0,0,0.00,6602.86,330.11,0,0,0,0,330.11,6932.97,1.03,6934.00,48.00,
"-","-","North","Coffee Island HQ-27",2025-09-26,"DINE IN",117.00,31,14721.44,984.30,0,0,0,0,0,0.00,13737.14,686.77,0,0,0,0,686.77,14423.91,1.09,14425.00,33.00,
"-","-","North","Coffee Island HQ-27",2025-09-26,"DELIVERY",100.00,30,13932.36,3220.21,450.00,450.00,0,0,0,900.00,10712.15,0,0,0,580.61,0,580.60,12192.75,2.25,12195.00,0.00,
"-","-","North","Coffee Island HQ-27",2025-09-27,"DELIVERY",58.00,19,7548.29,2661.00,150.00,420.00,0,0,0,570.00,4887.29,0,0,0,272.89,0,272.91,5730.20,-0.20,5730.00,0.00,
"-","-","North","Coffee Island HQ-27",2025-09-27,"DINE IN",119.00,45,15414.09,594.79,0,0,0,0,0,0.00,14819.30,740.96,0,0,0,0,740.96,15560.26,1.74,15562.00,56.00,
"-","-","North","Coffee Island HQ-27",2025-09-27,"TAKEAWAY",87.00,29,12564.55,1590.00,0,0,5.00,0,0,5.00,10974.55,549.63,0.00,0,0,0,549.63,11529.18,-0.18,11529.00,30.00,
"-","-","North","Coffee Island HQ-27",2025-09-28,"DELIVERY",111.00,29,14123.75,4832.74,420.00,450.00,0,0,0,870.00,9291.01,0,0,0,508.07,0,508.09,10669.10,-3.10,10666.00,0.00,
"-","-","North","Coffee Island HQ-27",2025-09-28,"DINE IN",58.00,16,7108.87,262.05,0,0,0,0,0,0.00,6846.82,335.75,0,0,0,52.54,388.29,7235.11,0.89,7236.00,23.00,
"-","-","North","Coffee Island HQ-27",2025-09-28,"TAKEAWAY",26.00,7,3233.34,130.62,0,0,0,0,0,0.00,3102.72,155.13,0,0,0,0,155.13,3257.85,1.15,3259.00,10.00,
"-","-","North","Coffee Island HQ-27",2025-09-29,"TAKEAWAY",99.00,28,12442.76,497.10,0,0,0,0,0,0.00,11945.66,597.25,0,0,0,0,597.25,12542.91,3.09,12546.00,35.00,
"-","-","North","Coffee Island HQ-27",2025-09-29,"DELIVERY",82.00,20,11265.25,3541.46,390.00,210.00,0,0,0,600.00,7723.79,0,0,0,416.20,0,416.20,8739.99,-1.99,8738.00,0.00,
"-","-","North","Coffee Island HQ-27",2025-09-29,"DINE IN",76.00,25,9530.43,836.49,0,0,0,0,0,0.00,8693.94,428.11,0,0,0,52.54,480.65,9174.59,0.41,9175.00,28.00,
"-","-","North","Coffee Island HQ-27",2025-09-30,"DELIVERY",42.00,13,5252.50,2086.99,210.00,180.00,0,0,0,390.00,3165.51,0,0,0,177.78,0,177.79,3733.30,-0.30,3733.00,0.00,
"-","-","North","Coffee Island HQ-27",2025-09-30,"TAKEAWAY",81.00,24,10855.63,1250.40,0,0,5.00,0,0,5.00,9605.23,458.29,82.23,0,0,0,540.52,10150.75,1.25,10152.00,32.00,
"-","-","North","Coffee Island HQ-27",2025-09-30,"DINE IN",81.00,24,7736.83,837.79,0,0,0,0,0,0.00,6899.04,344.94,0,0,0,0,344.94,7243.98,0.02,7244.00,25.00,
"-","-","North","Coffee Island AIPL",2025-09-01,"TAKEAWAY",21.00,7,3620.00,200.00,0,0,10.00,0,0,10.00,3420.00,172.80,0,0,0,0,172.80,3602.80,2.20,3605.00,5.00,
"-","-","North","Coffee Island AIPL",2025-09-01,"DELIVERY",4.00,2,1010.00,150.00,0,60.00,0,0,0,60.00,860.00,0,0,0,46.00,0,46.00,966.00,1.00,967.00,0.00,
"-","-","North","Coffee Island AIPL",2025-09-01,"DINE IN",58.00,19,8685.00,616.00,0,0,0,0,0,0.00,8069.00,403.45,0,0,0,0,403.45,8472.45,3.55,8476.00,23.00,
"-","-","North","Coffee Island AIPL",2025-09-01,"ODC",4.00,3,760.00,0.00,0,0,0,0,0,0.00,760.00,0,0,0,0,0,0.00,760.00,0.00,760.00,3.00,
"-","-","North","Coffee Island AIPL",2025-09-02,"DELIVERY",13.00,4,2510.00,1135.00,30.00,90.00,0,0,0,120.00,1375.00,0,0,0,74.75,0,74.75,1569.75,0.25,1570.00,0.00,
"-","-","North","Coffee Island AIPL",2025-09-02,"TAKEAWAY",6.00,3,1020.00,100.00,0,0,5.00,0,0,5.00,920.00,46.90,0,0,0,0,46.90,971.90,1.10,973.00,2.00,
"-","-","North","Coffee Island AIPL",2025-09-02,"DINE IN",76.00,21,8115.00,190.00,0,0,0,0,0,0.00,7925.00,396.25,0,0,0,0,396.25,8321.25,3.75,8325.00,24.00,
"-","-","North","Coffee Island AIPL",2025-09-02,"ODC",41.00,10,5280.00,0.00,0,0,0,0,0,0.00,5280.00,98.00,0,0,0,0,98.00,5378.00,1.00,5379.00,10.00,
"-","-","North","Coffee Island AIPL",2025-09-03,"TAKEAWAY",34.00,12,5389.41,300.00,0,0,15.00,0,0,15.00,5089.41,251.45,20.59,0,0,0,272.04,5376.45,3.55,5380.00,12.00,
"-","-","North","Coffee Island AIPL",2025-09-03,"DELIVERY",29.00,9,4725.00,1450.00,90.00,180.00,0,0,0,270.00,3275.00,0,0,0,177.25,0,177.25,3722.25,0.75,3723.00,0.00,
"-","-","North","Coffee Island AIPL",2025-09-03,"DINE IN",83.00,11,11109.75,158.00,0,0,0,0,0,0.00,10951.75,526.47,32.30,29.14,0,0,587.91,11539.66,2.34,11542.00,20.00,
"-","-","North","Coffee Island AIPL",2025-09-03,"ONLINE",4.00,1,652.00,100.00,0,0,5.00,5.00,0,10.00,552.00,24.66,0,11.38,0,0,36.04,598.04,-0.04,598.00,0.00,
"-","-","North","Coffee Island AIPL",2025-09-04,"DELIVERY",26.00,5,4268.84,1094.00,60.00,90.00,0,0,0,150.00,3174.84,0,266.20,0,92.30,0,358.50,3683.34,0.66,3684.00,0.00,
"-","-","North","Coffee Island AIPL",2025-09-04,"DINE IN",72.00,26,10513.77,482.00,0,0,0,0,0,0.00,10031.77,473.37,53.39,32.14,0,0,558.90,10590.67,5.33,10596.00,25.00,
"-","-","North","Coffee Island AIPL",2025-09-04,"TAKEAWAY",33.00,10,5507.50,100.00,0,0,10.00,0,0,10.00,5407.50,179.80,332.55,0,0,0,512.35,5929.85,2.15,5932.00,9.00,
"-","-","North","Coffee Island AIPL",2025-09-05,"DELIVERY",30.00,6,4275.00,774.99,60.00,120.00,0,0,0,180.00,3500.01,0,0,0,184.01,0,184.01,3864.02,0.98,3865.00,0.00,
"-","-","North","Coffee Island AIPL",2025-09-05,"TAKEAWAY",18.00,9,2463.52,0.00,0,0,0,0,0,0.00,2463.52,104.41,67.58,0,0,0,171.99,2635.51,2.49,2638.00,10.00,
"-","-","North","Coffee Island AIPL",2025-09-05,"DINE IN",49.00,18,5965.20,164.13,0,0,0,0,0,0.00,5801.07,268.56,57.71,13.13,0,0,339.40,6140.47,2.53,6143.00,20.00,
"-","-","North","Coffee Island AIPL",2025-09-05,"ONLINE",1.00,1,370.00,0.00,0,0,5.00,5.00,30.00,40.00,370.00,25.70,0,0,0,0,25.70,435.70,0.30,436.00,0.00,
"-","-","North","Coffee Island AIPL",2025-09-06,"DELIVERY",22.00,6,2975.00,1005.50,0,180.00,0,0,0,180.00,1969.50,0,0,0,107.48,0,107.48,2256.98,1.02,2258.00,0.00,
"-","-","North","Coffee Island AIPL",2025-09-06,"DINE IN",130.00,37,20958.10,362.00,0,0,0,0,0,0.00,20596.10,1029.81,0,0,0,0,1029.81,21625.91,11.09,21637.00,39.00,
"-","-","North","Coffee Island AIPL",2025-09-06,"TAKEAWAY",67.00,24,10494.75,370.00,0,0,5.00,0,0,5.00,10124.75,497.90,33.25,0,0,0,531.15,10660.90,6.10,10667.00,25.00,
"-","-","North","Coffee Island AIPL",2025-09-07,"DELIVERY",21.00,5,3370.00,1270.00,30.00,120.00,0,0,0,150.00,2100.00,0,0,0,112.50,0,112.50,2362.50,0.50,2363.00,0.00,
"-","-","North","Coffee Island AIPL",2025-09-07,"DINE IN",114.00,31,17073.81,207.00,0,0,0,0,0,0.00,16866.81,817.65,67.58,16.61,0,0,901.84,17768.65,7.35,17776.00,34.00,
"-","-","North","Coffee Island AIPL",2025-09-07,"TAKEAWAY",54.00,17,7774.00,0.00,0,0,10.00,0,0,10.00,7774.00,375.50,54.00,0,0,0,429.50,8213.50,3.50,8217.00,16.00,
"-","-","North","Coffee Island AIPL",2025-09-08,"DINE IN",27.00,10,3710.00,29.00,0,0,0,0,0,0.00,3681.00,184.05,0,0,0,0,184.05,3865.05,1.95,3867.00,9.00,
"-","-","North","Coffee Island AIPL",2025-09-08,"TAKEAWAY",31.00,11,4799.00,300.00,0,0,15.00,0,0,15.00,4499.00,223.43,15.18,0,0,0,238.61,4752.61,2.39,4755.00,8.00,
"-","-","North","Coffee Island AIPL",2025-09-08,"DELIVERY",6.00,2,790.00,175.00,30.00,30.00,0,0,0,60.00,615.00,0,0,0,33.75,0,33.75,708.75,0.25,709.00,0.00,
"-","-","North","Coffee Island AIPL",2025-09-09,"TAKEAWAY",23.00,8,4169.75,403.00,0,0,15.00,0,0,15.00,3766.75,156.51,124.34,0,0,0,280.85,4062.60,1.40,4064.00,5.00,
"-","-","North","Coffee Island AIPL",2025-09-09,"DELIVERY",30.00,7,3720.00,1263.00,30.00,180.00,0,0,0,210.00,2457.00,0,0,0,133.35,0,133.35,2800.35,-0.35,2800.00,0.00,
"-","-","North","Coffee Island AIPL",2025-09-09,"DINE IN",95.00,25,17610.63,1983.74,0,0,0,0,0,0.00,15626.89,754.40,97.03,0,0,0,851.43,16478.32,4.68,16483.00,34.00,
"-","-","North","Coffee Island AIPL",2025-09-10,"DINE IN",50.00,16,5860.00,85.00,0,0,0,0,0,0.00,5775.00,288.75,0,0,0,0,288.75,6063.75,2.25,6066.00,15.00,
"-","-","North","Coffee Island AIPL",2025-09-10,"DELIVERY",21.00,6,2771.18,767.99,30.00,150.00,0,0,0,180.00,2003.19,0,23.30,0,102.69,0,125.99,2309.18,0.82,2310.00,0.00,
"-","-","North","Coffee Island AIPL",2025-09-10,"TAKEAWAY",24.00,9,3002.00,252.00,0,0,10.00,0,0,10.00,2750.00,135.03,0,10.26,0,0,145.29,2905.29,2.71,2908.00,7.00,
"-","-","North","Coffee Island AIPL",2025-09-11,"TAKEAWAY",20.00,6,2730.85,0.00,0,0,0,0,0,0.00,2730.85,116.50,72.15,0,0,0,188.65,2919.50,1.50,2921.00,6.00,
"-","-","North","Coffee Island AIPL",2025-09-11,"DELIVERY",24.00,8,3130.00,1239.00,30.00,210.00,0,0,0,240.00,1891.00,0,0,0,106.55,0,106.55,2237.55,-0.55,2237.00,0.00,
"-","-","North","Coffee Island AIPL",2025-09-11,"DINE IN",53.00,16,7616.61,0.00,0,0,0,0,0,0.00,7616.61,375.25,0,13.39,0,0,388.64,8005.25,3.75,8009.00,16.00,
"-","-","North","Coffee Island AIPL",2025-09-12,"DINE IN",66.00,24,9256.24,629.00,0,0,0,0,0,0.00,8627.24,415.21,33.25,16.61,0,0,465.07,9092.31,2.69,9095.00,29.00,
"-","-","North","Coffee Island AIPL",2025-09-12,"DELIVERY",25.00,8,3135.00,1149.00,30.00,210.00,0,0,0,240.00,1986.00,0,0,0,111.30,0,111.30,2337.30,-0.30,2337.00,0.00,
"-","-","North","Coffee Island AIPL",2025-09-12,"TAKEAWAY",26.00,10,3700.00,100.00,0,0,5.00,0,0,5.00,3600.00,180.90,0,0,0,0,180.90,3785.90,3.10,3789.00,10.00,
"-","-","North","Coffee Island AIPL",2025-09-13,"TAKEAWAY",39.00,13,5305.00,0.00,0,0,0,0,0,0.00,5305.00,265.25,0,0,0,0,265.25,5570.25,3.75,5574.00,15.00,
"-","-","North","Coffee Island AIPL",2025-09-13,"DELIVERY",19.00,6,3418.56,630.99,90.00,90.00,0,0,0,180.00,2787.57,0,62.68,0,130.97,0,193.65,3161.22,0.78,3162.00,0.00,
"-","-","North","Coffee Island AIPL",2025-09-13,"DINE IN",109.00,32,15441.36,424.00,0,0,0,0,0,0.00,15017.36,744.30,23.64,0,0,0,767.94,15785.30,5.70,15791.00,38.00,
"-","-","North","Coffee Island AIPL",2025-09-13,"ONLINE",5.00,1,980.00,100.00,0,0,5.00,5.00,0,10.00,880.00,45.79,0,0,0,0,45.80,935.80,0.20,936.00,0.00,
"-","-","North","Coffee Island AIPL",2025-09-14,"DINE IN",166.00,40,24078.89,282.00,0,0,0,0,0,0.00,23796.89,1141.95,144.29,18.75,0,0,1304.99,25101.88,7.12,25109.00,50.00,
"-","-","North","Coffee Island AIPL",2025-09-14,"DELIVERY",40.00,11,5683.22,1560.00,90.00,240.00,0,0,0,330.00,4123.22,0,0,0,222.66,0,222.66,4675.88,1.12,4677.00,0.00,
"-","-","North","Coffee Island AIPL",2025-09-14,"TAKEAWAY",17.00,7,3320.00,100.00,0,0,15.00,0,0,15.00,3220.00,163.70,0,0,0,0,163.70,3398.70,0.30,3399.00,4.00,
"-","-","North","Coffee Island AIPL",2025-09-15,"DINE IN",107.00,24,15745.31,2034.00,0,0,0,0,0,0.00,13711.31,673.96,41.79,0,0,0,715.75,14427.06,3.94,14431.00,22.00,
"-","-","North","Coffee Island AIPL",2025-09-15,"DELIVERY",14.00,4,1930.00,668.00,0,120.00,0,0,0,120.00,1262.00,0,0,0,69.10,0,69.10,1451.10,-0.10,1451.00,0.00,
"-","-","North","Coffee Island AIPL",2025-09-15,"TAKEAWAY",9.00,4,2655.24,422.00,0,0,10.00,0,0,10.00,2233.24,74.71,139.54,0,0,0,214.25,2457.49,1.51,2459.00,2.00,
"-","-","North","Coffee Island AIPL",2025-09-16,"DELIVERY",29.00,14,5102.04,1448.98,180.00,240.00,0,0,0,420.00,3653.06,0,64.09,0,185.86,0,249.95,4323.01,1.99,4325.00,0.00,
"-","-","North","Coffee Island AIPL",2025-09-16,"DINE IN",55.00,16,7455.25,240.00,0,0,0,0,0,0.00,7215.25,352.95,0,18.75,0,0,371.70,7586.95,3.05,7590.00,17.00,
"-","-","North","Coffee Island AIPL",2025-09-16,"TAKEAWAY",20.00,8,3080.00,0.00,0,0,5.00,0,0,5.00,3080.00,154.90,0,0,0,0,154.90,3239.90,2.10,3242.00,7.00,
"-","-","North","Coffee Island AIPL",2025-09-17,"DINE IN",40.00,13,5588.39,0.00,0,0,0,0,0,0.00,5588.39,272.50,0,16.61,0,0,289.11,5877.50,4.50,5882.00,14.00,
"-","-","North","Coffee Island AIPL",2025-09-17,"DELIVERY",20.00,4,3075.00,958.00,0,120.00,0,0,0,120.00,2117.00,0,0,0,111.84,0,111.84,2348.84,0.16,2349.00,0.00,
"-","-","North","Coffee Island AIPL",2025-09-17,"TAKEAWAY",16.00,4,2073.64,0.00,0,0,0,0,0,0.00,2073.64,88.50,29.74,16.61,0,0,134.85,2208.49,1.51,2210.00,7.00,
"-","-","North","Coffee Island AIPL",2025-09-18,"TAKEAWAY",21.00,8,3741.61,100.00,0,0,10.00,0,0,10.00,3641.61,178.30,0,13.39,0,0,191.69,3843.30,2.70,3846.00,8.00,
"-","-","North","Coffee Island AIPL",2025-09-18,"DINE IN",61.00,19,9817.00,128.00,0,0,0,0,0,0.00,9689.00,484.45,0,0,0,0,484.45,10173.45,1.55,10175.00,20.00,
"-","-","North","Coffee Island AIPL",2025-09-18,"DELIVERY",16.00,6,2560.00,692.00,30.00,150.00,0,0,0,180.00,1868.00,0,0,0,102.40,0,102.40,2150.40,-0.40,2150.00,0.00,
"-","-","North","Coffee Island AIPL",2025-09-19,"DINE IN",76.00,21,9402.49,727.81,0,0,0,0,0,0.00,8674.68,416.87,60.71,0,0,0,477.58,9152.26,2.74,9155.00,28.00,
"-","-","North","Coffee Island AIPL",2025-09-19,"DELIVERY",16.00,6,2770.00,610.00,0,180.00,0,0,0,180.00,2160.00,0,78.00,0,95.33,0,173.33,2513.33,0.67,2514.00,0.00,
"-","-","North","Coffee Island AIPL",2025-09-19,"TAKEAWAY",10.00,4,1787.00,124.00,0,0,10.00,0,0,10.00,1663.00,65.30,70.74,0,0,0,136.04,1809.04,0.96,1810.00,2.00,
"-","-","North","Coffee Island AIPL",2025-09-20,"TAKEAWAY",30.00,11,4870.00,0.00,0,0,0,0,0,0.00,4870.00,243.50,0,0,0,0,243.50,5113.50,4.50,5118.00,12.00,
"-","-","North","Coffee Island AIPL",2025-09-20,"DINE IN",136.00,35,22150.17,68.00,0,0,0,0,0,0.00,22082.17,1043.76,163.22,36.04,0,0,1243.02,23325.19,8.81,23334.00,56.00,
"-","-","North","Coffee Island AIPL",2025-09-20,"DELIVERY",7.00,4,1330.00,210.00,30.00,90.00,0,0,0,120.00,1120.00,0,0,0,62.00,0,62.00,1302.00,0.00,1302.00,0.00,
"-","-","North","Coffee Island AIPL",2025-09-21,"TAKEAWAY",46.00,13,6770.00,300.00,0,0,15.00,0,0,15.00,6470.00,326.21,0,0,0,0,326.21,6811.21,3.79,6815.00,11.00,
"-","-","North","Coffee Island AIPL",2025-09-21,"DELIVERY",22.00,7,3210.00,927.00,0,210.00,0,0,0,210.00,2283.00,0,0,0,124.65,0,124.65,2617.65,0.35,2618.00,0.00,
"-","-","North","Coffee Island AIPL",2025-09-21,"DINE IN",151.00,37,23701.02,371.00,0,0,0,0,0,0.00,23330.02,1095.26,168.24,58.82,0,0,1322.32,24652.34,6.66,24659.00,51.00,
"-","-","North","Coffee Island AIPL",2025-09-22,"TAKEAWAY",37.00,9,4419.41,223.00,0,0,5.00,0,0,5.00,4196.41,210.72,0,0,0,0,210.72,4412.13,2.87,4415.00,9.00,
"-","-","North","Coffee Island AIPL",2025-09-22,"DINE IN",72.00,24,10824.24,504.00,0,0,0,0,0,0.00,10320.24,516.01,0,16.61,0,0,532.62,10852.86,4.14,10857.00,27.00,
"-","-","North","Coffee Island AIPL",2025-09-22,"DELIVERY",23.00,7,3345.00,1012.50,0,210.00,0,0,0,210.00,2332.50,0,0,0,127.13,0,127.13,2669.63,1.37,2671.00,0.00,
"-","-","North","Coffee Island AIPL",2025-09-23,"TAKEAWAY",10.00,3,2325.00,0.00,0,0,0,0,0,0.00,2325.00,116.25,0,0,0,0,116.25,2441.25,0.75,2442.00,3.00,
"-","-","North","Coffee Island AIPL",2025-09-23,"DELIVERY",8.00,2,1080.00,540.00,0,60.00,0,0,0,60.00,540.00,0,0,0,30.00,0,30.00,630.00,0.00,630.00,0.00,
"-","-","North","Coffee Island AIPL",2025-09-23,"DINE IN",67.00,22,7538.10,326.00,0,0,0,0,0,0.00,7212.10,360.61,0,0,0,0,360.61,7572.71,3.29,7576.00,25.00,
"-","-","North","Coffee Island AIPL",2025-09-24,"TAKEAWAY",19.00,6,1940.00,30.00,0,0,5.00,0,0,5.00,1910.00,96.40,0,0,0,0,96.40,2011.40,0.60,2012.00,6.00,
"-","-","North","Coffee Island AIPL",2025-09-24,"DELIVERY",9.00,5,1680.00,235.00,0,150.00,0,0,0,150.00,1445.00,0,0,0,79.75,0,79.75,1674.75,1.25,1676.00,0.00,
"-","-","North","Coffee Island AIPL",2025-09-24,"DINE IN",76.00,21,8229.00,369.00,0,0,0,0,0,0.00,7860.00,393.00,0,0,0,0,393.00,8253.00,2.00,8255.00,36.00,
"-","-","North","Coffee Island AIPL",2025-09-25,"TAKEAWAY",27.00,8,4546.61,100.00,0,0,5.00,0,0,5.00,4446.61,223.23,0,0,0,0,223.23,4674.84,1.16,4676.00,7.00,
"-","-","North","Coffee Island AIPL",2025-09-25,"DELIVERY",28.00,8,3570.00,1413.00,0,240.00,0,0,0,240.00,2157.00,0,0,0,119.86,0,119.86,2516.86,0.14,2517.00,0.00,
"-","-","North","Coffee Island AIPL",2025-09-25,"DINE IN",59.00,14,8186.61,224.00,0,0,0,0,0,0.00,7962.61,398.13,0,0,0,0,398.13,8360.74,1.26,8362.00,14.00,
"-","-","North","Coffee Island AIPL",2025-09-26,"DINE IN",74.00,25,10238.10,607.00,0,0,0,0,0,0.00,9631.10,481.57,0,0,0,0,481.57,10112.67,4.33,10117.00,25.00,
"-","-","North","Coffee Island AIPL",2025-09-26,"DELIVERY",16.00,7,2624.42,613.99,60.00,150.00,0,0,0,210.00,2010.43,0,17.96,0,106.03,0,123.99,2344.42,1.58,2346.00,0.00,
"-","-","North","Coffee Island AIPL",2025-09-26,"TAKEAWAY",30.00,11,5071.36,100.00,0,0,5.00,0,0,5.00,4971.36,242.90,0,0,0,52.54,295.44,5271.80,2.20,5274.00,10.00,
"-","-","North","Coffee Island AIPL",2025-09-27,"DELIVERY",28.00,6,4000.00,1499.99,60.00,120.00,0,0,0,180.00,2500.01,0,0,0,134.01,0,134.01,2814.02,0.98,2815.00,0.00,
"-","-","North","Coffee Island AIPL",2025-09-27,"DINE IN",173.00,48,26469.42,286.00,0,0,0,0,0,0.00,26183.42,1309.18,0,0,0,0,1309.18,27492.60,11.40,27504.00,56.00,
"-","-","North","Coffee Island AIPL",2025-09-27,"TAKEAWAY",22.00,10,3335.17,0.00,0,0,0,0,0,0.00,3335.17,166.76,0,0,0,0,166.76,3501.93,2.07,3504.00,10.00,
"-","-","North","Coffee Island AIPL",2025-09-28,"DELIVERY",31.00,8,5215.00,1050.47,30.00,210.00,0,0,0,240.00,4164.53,0,0,0,220.26,0,220.26,4624.79,0.21,4625.00,0.00,
"-","-","North","Coffee Island AIPL",2025-09-28,"TAKEAWAY",19.00,7,3138.06,0.00,0,0,0,0,0,0.00,3138.06,150.33,0,0,0,52.54,202.87,3340.93,1.07,3342.00,9.00,
"-","-","North","Coffee Island AIPL",2025-09-28,"DINE IN",147.00,37,21218.46,344.00,0,0,0,0,0,0.00,20874.46,1043.73,0,0,0,0,1043.73,21918.19,9.81,21928.00,48.00,
"-","-","North","Coffee Island AIPL",2025-09-29,"TAKEAWAY",18.00,7,2750.00,0.00,0,0,0,0,0,0.00,2750.00,137.50,0,0,0,0,137.50,2887.50,2.50,2890.00,7.00,
"-","-","North","Coffee Island AIPL",2025-09-29,"DINE IN",32.00,12,3365.00,0.00,0,0,0,0,0,0.00,3365.00,168.25,0,0,0,0,168.25,3533.25,2.75,3536.00,13.00,
"-","-","North","Coffee Island AIPL",2025-09-29,"DELIVERY",37.00,10,5180.00,1157.99,30.00,270.00,0,0,0,300.00,4022.01,0,0,0,216.10,0,216.10,4538.11,1.89,4540.00,0.00,
"-","-","North","Coffee Island AIPL",2025-09-30,"TAKEAWAY",28.00,8,3202.46,19.00,0,0,5.00,0,0,5.00,3183.46,160.07,0,0,0,0,160.07,3348.53,1.47,3350.00,7.00,
"-","-","North","Coffee Island AIPL",2025-09-30,"DINE IN",55.00,15,7708.10,0.00,0,0,0,0,0,0.00,7708.10,385.41,0,0,0,0,385.41,8093.51,4.49,8098.00,19.00,
"-","-","North","Coffee Island AIPL",2025-09-30,"DELIVERY",12.00,4,1445.00,220.00,30.00,90.00,0,0,0,120.00,1225.00,0,0,0,67.25,0,67.25,1412.25,0.75,1413.00,0.00,
"-","-","West","Coffee Island - Amanora Mall",2025-09-04,"DINE IN",11.00,6,2840.00,0.00,0,0,0,0,0,0.00,2840.00,142.00,0,0,0,0,142.00,2982.00,2.00,2984.00,8.00,
"-","-","West","Coffee Island - Amanora Mall",2025-09-09,"TAKEAWAY",1.00,1,38.00,0.00,0,0,5.00,0,0,5.00,38.00,2.80,0,0,0,0,2.80,45.80,0.20,46.00,0.00,
"-","-","West","Coffee Island - Amanora Mall",2025-09-09,"ONLINE",1.00,1,38.00,0.00,0,0,20.00,5.00,30.00,55.00,38.00,11.80,0,0,0,0,11.80,104.80,0.20,105.00,0.00,
"-","-","West","Coffee Island - Amanora Mall",2025-09-10,"DINE IN",5.00,4,0.00,0.00,0,0,0,0,0,0.00,0.00,0.00,0,0,0,0,0.00,0.00,0.00,0.00,5.00,
"-","-","West","Coffee Island - Amanora Mall",2025-09-11,"DINE IN",324.00,72,38922.63,8295.30,0,0,0,0,0,0.00,30627.33,1485.94,163.67,0,0,0,1649.61,32276.94,1.06,32278.00,97.00,
"-","-","West","Coffee Island - Amanora Mall",2025-09-11,"TAKEAWAY",105.00,26,12876.47,461.00,0,0,5.00,0,0,5.00,12415.47,611.25,37.52,0,0,0,648.77,13069.24,0.76,13070.00,29.00,
"-","-","West","Coffee Island - Amanora Mall",2025-09-11,"ONLINE",1.00,1,38.00,0.00,0,0,20.00,5.00,30.00,55.00,38.00,11.80,0,0,0,0,11.80,104.80,0.20,105.00,0.00,
"-","-","West","Coffee Island - Amanora Mall",2025-09-12,"TAKEAWAY",95.00,25,10800.37,1789.00,0,0,0,0,0,0.00,9011.37,430.83,57.54,9.03,0,0,497.40,9508.77,2.23,9511.00,28.00,
"-","-","West","Coffee Island - Amanora Mall",2025-09-12,"DINE IN",253.00,65,27502.24,297.10,0,0,0,0,0,0.00,27205.14,1337.81,20.59,40.17,0,0,1398.57,28603.71,5.29,28609.00,76.00,
"-","-","West","Coffee Island - Amanora Mall",2025-09-13,"DINE IN",417.00,107,52962.47,0.00,0,0,0,0,0,0.00,52962.47,2631.94,18.15,26.78,0,0,2676.87,55639.34,13.66,55653.00,114.00,
"-","-","West","Coffee Island - Amanora Mall",2025-09-13,"TAKEAWAY",74.00,19,9891.20,3729.00,0,0,5.00,0,0,5.00,6162.20,281.52,99.00,0,0,0,380.52,6547.72,3.28,6551.00,18.00,
"-","-","West","Coffee Island - Amanora Mall",2025-09-13,"DELIVERY",3.00,2,840.00,100.00,0,60.00,0,0,0,60.00,740.00,0,0,0,40.00,0,40.00,840.00,1.00,841.00,0.00,
"-","-","West","Coffee Island - Amanora Mall",2025-09-13,"ONLINE",1.00,1,38.00,14.00,0,0,20.00,5.00,30.00,55.00,24.00,11.10,0,0,0,0,11.10,90.10,-0.10,90.00,0.00,
"-","-","West","Coffee Island - Amanora Mall",2025-09-14,"DINE IN",425.00,111,64642.05,18.00,0,0,0,0,0,0.00,64624.05,3213.68,18.15,30.00,0,0,3261.83,67885.88,25.12,67911.00,111.00,
"-","-","West","Coffee Island - Amanora Mall",2025-09-14,"TAKEAWAY",73.00,23,12016.85,1005.00,0,0,55.00,0,0,55.00,11011.85,554.91,0,13.39,0,0,568.30,11635.15,1.85,11637.00,12.00,
"-","-","West","Coffee Island - Amanora Mall",2025-09-14,"DELIVERY",4.00,1,740.00,200.00,0,30.00,0,0,0,30.00,540.00,0,0,0,28.51,0,28.51,598.51,0.49,599.00,0.00,
"-","-","West","Coffee Island - Amanora Mall",2025-09-14,"ONLINE",12.00,2,1718.00,200.00,0,0,40.00,10.00,0,50.00,1518.00,78.58,0,15.18,0,0,93.76,1661.76,0.24,1662.00,0.00,
"-","-","West","Coffee Island - Amanora Mall",2025-09-15,"DINE IN",118.00,30,14098.10,0.00,0,0,0,0,0,0.00,14098.10,704.91,0,0,0,0,704.91,14803.01,4.99,14808.00,33.00,
"-","-","West","Coffee Island - Amanora Mall",2025-09-15,"DELIVERY",1.00,1,296.61,50.00,0,30.00,0,0,0,30.00,246.61,0,0,0,13.83,0,13.83,290.44,-0.44,290.00,0.00,
"-","-","West","Coffee Island - Amanora Mall",2025-09-15,"TAKEAWAY",14.00,5,2475.00,200.00,0,0,10.00,0,0,10.00,2275.00,115.55,0,0,0,0,115.55,2400.55,1.45,2402.00,3.00,
"-","-","West","Coffee Island - Amanora Mall",2025-09-16,"DINE IN",86.00,33,11198.47,0.00,0,0,0,0,0,0.00,11198.47,549.50,37.52,0,0,0,587.02,11785.49,6.51,11792.00,27.00,
"-","-","West","Coffee Island - Amanora Mall",2025-09-16,"DELIVERY",7.00,2,870.00,66.00,0,60.00,0,0,0,60.00,804.00,0,0,0,43.20,0,43.20,907.20,0.80,908.00,0.00,
"-","-","West","Coffee Island - Amanora Mall",2025-09-16,"TAKEAWAY",73.00,19,11474.30,2130.00,0,0,0,0,0,0.00,9344.30,467.23,0,0,0,0,467.23,9811.53,4.47,9816.00,26.00,
"-","-","West","Coffee Island - Amanora Mall",2025-09-17,"DINE IN",155.00,46,22577.22,40.00,0,0,0,0,0,0.00,22537.22,1100.57,74.59,13.39,0,0,1188.55,23725.77,7.23,23733.00,40.00,
"-","-","West","Coffee Island - Amanora Mall",2025-09-17,"TAKEAWAY",28.00,8,3923.39,100.00,0,0,5.00,0,0,5.00,3823.39,185.15,0,16.61,0,0,201.76,4030.15,0.85,4031.00,11.00,
"-","-","West","Coffee Island - Amanora Mall",2025-09-17,"DELIVERY",2.00,1,540.00,0.00,0,30.00,0,0,0,30.00,540.00,0,0,0,28.50,0,28.50,598.50,0.50,599.00,0.00,
"-","-","West","Coffee Island - Amanora Mall",2025-09-18,"TAKEAWAY",29.00,10,4718.90,2180.00,0,0,5.00,0,0,5.00,2538.90,115.20,20.59,16.61,0,0,152.40,2696.30,0.70,2697.00,9.00,
"-","-","West","Coffee Island - Amanora Mall",2025-09-18,"DINE IN",130.00,41,16553.10,52.00,0,0,0,0,0,0.00,16501.10,825.06,0,0,0,0,825.06,17326.16,6.84,17333.00,53.00,
"-","-","West","Coffee Island - Amanora Mall",2025-09-19,"DINE IN",213.00,60,28861.20,19.00,0,0,0,0,0,0.00,28842.20,1442.12,0,0,0,0,1442.12,30284.32,11.68,30296.00,58.00,
"-","-","West","Coffee Island - Amanora Mall",2025-09-19,"TAKEAWAY",70.00,21,10564.30,2090.00,0,0,10.00,0,0,10.00,8474.30,425.53,0,0,0,0,425.53,8909.83,3.17,8913.00,20.00,
"-","-","West","Coffee Island - Amanora Mall",2025-09-19,"DELIVERY",4.00,2,1020.00,79.99,0,0,0,0,0,0.00,940.01,0,0,0,47.00,0,47.00,987.01,0.99,988.00,0.00,
"-","-","West","Coffee Island - Amanora Mall",2025-09-20,"DINE IN",171.00,51,26870.34,0.00,0,0,0,0,0,0.00,26870.34,1316.75,76.26,13.39,0,0,1406.40,28276.74,12.26,28289.00,45.00,
"-","-","West","Coffee Island - Amanora Mall",2025-09-20,"TAKEAWAY",337.00,97,55552.73,827.00,0,0,30.00,0,0,30.00,54725.73,2640.69,225.59,59.60,0,0,2925.89,57681.62,18.38,57700.00,93.00,
"-","-","West","Coffee Island - Amanora Mall",2025-09-21,"DINE IN",228.00,59,36497.05,20.00,0,0,0,0,0,0.00,36477.05,1818.82,18.15,0,0,0,1836.97,38314.02,13.98,38328.00,65.00,
"-","-","West","Coffee Island - Amanora Mall",2025-09-21,"TAKEAWAY",348.00,100,56588.47,248.00,0,0,10.00,0,0,10.00,56340.47,2590.70,655.43,13.39,0,0,3259.52,59609.99,19.01,59629.00,129.00,
"-","-","West","Coffee Island - Amanora Mall",2025-09-21,"DELIVERY",3.00,1,590.00,79.99,0,0,0,0,0,0.00,510.01,0,0,0,25.50,0,25.50,535.51,0.49,536.00,0.00,
"-","-","West","Coffee Island - Amanora Mall",2025-09-22,"DINE IN",145.00,42,19613.10,0.00,0,0,0,0,0,0.00,19613.10,980.66,0,0,0,0,980.66,20593.76,10.24,20604.00,45.00,
"-","-","West","Coffee Island - Amanora Mall",2025-09-22,"TAKEAWAY",49.00,15,8409.00,0.00,0,0,0,0,0,0.00,8409.00,420.45,0,0,0,0,420.45,8829.45,3.55,8833.00,16.00,
"-","-","West","Coffee Island - Amanora Mall",2025-09-23,"TAKEAWAY",21.00,6,2330.61,130.00,0,0,5.00,0,0,5.00,2200.61,110.93,0,0,0,0,110.93,2316.54,0.46,2317.00,5.00,
"-","-","West","Coffee Island - Amanora Mall",2025-09-23,"DINE IN",132.00,38,16841.19,174.00,0,0,0,0,0,0.00,16667.19,833.35,0,0,0,0,833.35,17500.54,8.46,17509.00,39.00,
"-","-","West","Coffee Island - Amanora Mall",2025-09-23,"DELIVERY",2.00,2,755.42,80.00,0,0,0,0,0,0.00,675.42,0,0,0,33.77,0,33.77,709.19,-0.19,709.00,0.00,
"-","-","West","Coffee Island - Amanora Mall",2025-09-24,"TAKEAWAY",56.00,18,9581.20,100.00,0,0,5.00,0,0,5.00,9481.20,474.97,0,0,0,0,474.97,9961.17,2.83,9964.00,20.00,
"-","-","West","Coffee Island - Amanora Mall",2025-09-24,"DINE IN",92.00,33,12258.15,0.00,0,0,0,0,0,0.00,12258.15,612.92,0,0,0,0,612.92,12871.07,5.93,12877.00,34.00,
"-","-","West","Coffee Island - Amanora Mall",2025-09-24,"DELIVERY",3.00,2,407.60,0.00,0,0,0,0,0,0.00,407.60,0,0,0,20.39,0,20.39,427.99,0.01,428.00,0.00,
"-","-","West","Coffee Island - Amanora Mall",2025-09-25,"DINE IN",145.00,51,19630.23,56.00,0,0,0,0,0,0.00,19574.23,972.16,0,0,0,52.54,1024.71,20598.94,9.06,20608.00,49.00,
"-","-","West","Coffee Island - Amanora Mall",2025-09-25,"DELIVERY",2.00,1,309.32,79.99,0,0,0,0,0,0.00,229.33,0,0,0,11.47,0,11.47,240.80,0.20,241.00,0.00,
"-","-","West","Coffee Island - Amanora Mall",2025-09-25,"TAKEAWAY",40.00,10,6771.10,2260.00,0,0,15.00,0,0,15.00,4511.10,228.26,0,0,0,0,228.26,4754.36,1.64,4756.00,7.00,
"-","-","West","Coffee Island - Amanora Mall",2025-09-26,"DINE IN",187.00,53,27904.81,0.00,0,0,0,0,0,0.00,27904.81,1389.79,19.62,0,0,0,1409.41,29314.22,9.78,29324.00,54.00,
"-","-","West","Coffee Island - Amanora Mall",2025-09-26,"TAKEAWAY",41.00,14,6776.20,400.00,0,0,20.00,0,0,20.00,6376.20,322.43,0,0,0,0,322.43,6718.63,1.37,6720.00,10.00,
"-","-","West","Coffee Island - Amanora Mall",2025-09-26,"DELIVERY",6.00,2,890.00,80.00,0,0,0,0,0,0.00,810.00,0,0,0,40.50,0,40.50,850.50,0.50,851.00,0.00,
"-","-","West","Coffee Island - Amanora Mall",2025-09-27,"DINE IN",454.00,113,65762.64,190.10,0,0,0,0,0,0.00,65572.54,3278.62,0,0,0,0,3278.62,68851.16,19.84,68871.00,166.00,
"-","-","West","Coffee Island - Amanora Mall",2025-09-27,"TAKEAWAY",80.00,26,14199.00,1940.00,0,0,45.00,0,0,45.00,12259.00,621.05,0,0,0,0,621.05,12925.05,4.95,12930.00,22.00,
"-","-","West","Coffee Island - Amanora Mall",2025-09-27,"ONLINE",1.00,1,417.00,100.00,0,0,20.00,5.00,30.00,55.00,317.00,25.75,0,0,0,0,25.75,397.75,0.25,398.00,0.00,
"-","-","West","Coffee Island - Amanora Mall",2025-09-28,"DINE IN",351.00,95,52308.01,96.00,0,0,0,0,0,0.00,52212.01,2604.02,0,0,0,52.54,2656.56,54868.57,14.43,54883.00,129.00,
"-","-","West","Coffee Island - Amanora Mall",2025-09-28,"TAKEAWAY",234.00,57,32864.25,1417.00,0,0,70.00,0,0,70.00,31447.25,1562.51,0,0,0,0,1562.52,33079.77,9.23,33089.00,43.00,
"-","-","West","Coffee Island - Amanora Mall",2025-09-28,"DELIVERY",7.00,3,1232.54,198.00,0,90.00,0,0,0,90.00,1034.54,0,0,0,56.23,0,56.23,1180.77,0.23,1181.00,0.00,
"-","-","West","Coffee Island - Amanora Mall",2025-09-28,"ONLINE",5.00,1,750.00,100.00,0,0,20.00,5.00,0,25.00,650.00,37.01,0,0,0,0,37.01,712.01,-0.01,712.00,0.00,
"-","-","West","Coffee Island - Amanora Mall",2025-09-29,"DINE IN",105.00,37,14143.65,89.00,0,0,0,0,0,0.00,14054.65,702.73,0,0,0,0,702.73,14757.38,3.62,14761.00,38.00,
"-","-","West","Coffee Island - Amanora Mall",2025-09-29,"TAKEAWAY",26.00,10,5001.00,400.00,0,0,20.00,0,0,20.00,4601.00,233.65,0,0,0,0,233.65,4854.65,0.35,4855.00,7.00,
"-","-","West","Coffee Island - Amanora Mall",2025-09-30,"TAKEAWAY",25.00,6,4080.00,233.00,0,0,20.00,0,0,20.00,3847.00,195.96,0,0,0,0,195.96,4062.96,0.04,4063.00,4.00,
"-","-","West","Coffee Island - Amanora Mall",2025-09-30,"DINE IN",160.00,43,24646.25,104.00,0,0,0,0,0,0.00,24542.25,1227.13,0,0,0,0,1227.13,25769.38,8.62,25778.00,67.00,
"-","-","West","Coffee Island - Amanora Mall",2025-09-30,"DELIVERY",7.00,2,970.00,336.00,0,30.00,0,0,0,30.00,634.00,0,0,0,33.21,0,33.22,697.22,-0.22,697.00,0.00,
"-","-","West","Coffee Island - Tribeca Pune",2025-09-05,"DINE IN",3.00,3,990.00,0.00,0,0,0,0,0,0.00,990.00,49.50,0,0,0,0,49.50,1039.50,1.50,1041.00,3.00,
"-","-","West","Coffee Island - Tribeca Pune",2025-09-09,"DINE IN",3.00,2,660.00,0.00,0,0,0,0,0,0.00,660.00,33.00,0,0,0,0,33.00,693.00,1.00,694.00,2.00,
"-","-","West","Coffee Island - Tribeca Pune",2025-09-11,"DINE IN",222.00,58,25988.73,5637.00,0,0,0,0,0,0.00,20351.73,938.90,238.26,30.00,0,0,1207.16,21558.89,3.11,21562.00,94.00,
"-","-","West","Coffee Island - Tribeca Pune",2025-09-11,"TAKEAWAY",41.00,10,3346.80,465.00,0,0,0,0,0,0.00,2881.80,118.20,93.20,0,0,0,211.40,3093.20,0.80,3094.00,17.00,
"-","-","West","Coffee Island - Tribeca Pune",2025-09-12,"TAKEAWAY",31.00,9,3870.61,100.00,0,0,5.00,0,0,5.00,3770.61,137.15,188.21,0,0,0,325.36,4100.97,2.03,4103.00,9.00,
"-","-","West","Coffee Island - Tribeca Pune",2025-09-12,"DINE IN",246.00,62,22965.66,0.00,0,0,0,0,0,0.00,22965.66,1137.67,18.15,13.39,0,0,1169.21,24134.87,5.13,24140.00,166.00,
"-","-","West","Coffee Island - Tribeca Pune",2025-09-13,"DINE IN",379.00,84,42063.32,1965.00,0,0,0,0,0,0.00,40098.32,1978.76,54.00,26.78,0,0,2059.54,42157.86,4.14,42162.00,380.00,
"-","-","West","Coffee Island - Tribeca Pune",2025-09-13,"TAKEAWAY",35.00,10,4379.00,100.00,0,0,10.00,0,0,10.00,4279.00,211.05,16.94,0,0,0,227.99,4516.99,1.01,4518.00,21.00,
"-","-","West","Coffee Island - Tribeca Pune",2025-09-13,"DELIVERY",4.00,2,420.00,42.00,0,30.00,0,0,0,30.00,378.00,0,0,0,20.40,0,20.40,428.40,0.60,429.00,0.00,
"-","-","West","Coffee Island - Tribeca Pune",2025-09-14,"DINE IN",272.00,70,42432.84,0.00,0,0,0,0,0,0.00,42432.84,2109.70,18.15,16.61,0,0,2144.46,44577.30,9.70,44587.00,114.00,
"-","-","West","Coffee Island - Tribeca Pune",2025-09-14,"TAKEAWAY",43.00,14,6941.95,432.00,0,0,20.00,0,0,20.00,6509.95,293.25,129.05,0,0,0,422.30,6952.25,1.75,6954.00,12.00,
"-","-","West","Coffee Island - Tribeca Pune",2025-09-14,"DELIVERY",4.00,1,590.00,100.00,0,30.00,0,0,0,30.00,490.00,0,0,0,26.00,0,26.00,546.00,0.00,546.00,0.00,
"-","-","West","Coffee Island - Tribeca Pune",2025-09-15,"DINE IN",79.00,28,11240.00,116.00,0,0,0,0,0,0.00,11124.00,556.20,0,0,0,0,556.20,11680.20,5.80,11686.00,34.00,
"-","-","West","Coffee Island - Tribeca Pune",2025-09-15,"DELIVERY",7.00,2,790.00,0.00,0,0,0,0,0,0.00,790.00,0,0,0,39.50,0,39.50,829.50,0.50,830.00,0.00,
"-","-","West","Coffee Island - Tribeca Pune",2025-09-15,"TAKEAWAY",20.00,7,2938.00,400.00,0,0,20.00,0,0,20.00,2538.00,122.37,29.27,0,0,0,151.64,2709.64,1.36,2711.00,3.00,
"-","-","West","Coffee Island - Tribeca Pune",2025-09-16,"DINE IN",98.00,26,12404.80,181.00,0,0,0,0,0,0.00,12223.80,586.11,90.30,0,0,0,676.41,12900.21,4.79,12905.00,24.00,
"-","-","West","Coffee Island - Tribeca Pune",2025-09-16,"TAKEAWAY",29.00,12,5619.00,606.00,0,0,35.00,0,0,35.00,5013.00,244.05,14.54,21.27,0,0,279.86,5327.86,0.14,5328.00,6.00,
"-","-","West","Coffee Island - Tribeca Pune",2025-09-17,"DINE IN",100.00,35,11361.49,0.00,0,0,0,0,0,0.00,11361.49,561.16,0,16.61,0,0,577.77,11939.26,6.74,11946.00,48.00,
"-","-","West","Coffee Island - Tribeca Pune",2025-09-17,"DELIVERY",5.00,2,840.00,100.00,0,60.00,0,0,0,60.00,740.00,0,0,0,40.00,0,40.00,840.00,0.00,840.00,0.00,
"-","-","West","Coffee Island - Tribeca Pune",2025-09-17,"TAKEAWAY",7.00,3,1138.39,100.00,0,0,5.00,0,0,5.00,1038.39,45.90,0,16.61,0,0,62.51,1105.90,0.10,1106.00,2.00,
"-","-","West","Coffee Island - Tribeca Pune",2025-09-18,"DINE IN",112.00,30,17010.59,4720.00,0,0,0,0,0,0.00,12290.59,567.75,168.41,0,0,0,736.16,13026.75,6.25,13033.00,67.00,
"-","-","West","Coffee Island - Tribeca Pune",2025-09-18,"TAKEAWAY",21.00,7,3072.47,355.00,0,0,15.00,0,0,15.00,2717.47,124.13,52.04,0,0,0,176.17,2908.64,0.36,2909.00,4.00,
"-","-","West","Coffee Island - Tribeca Pune",2025-09-19,"DINE IN",201.00,49,27567.17,0.00,0,0,0,0,0,0.00,27567.17,1353.66,88.92,0,0,0,1442.58,29009.75,11.25,29021.00,67.00,
"-","-","West","Coffee Island - Tribeca Pune",2025-09-19,"TAKEAWAY",31.00,10,4333.56,0.00,0,0,0,0,0,0.00,4333.56,175.25,129.05,13.39,0,0,317.69,4651.25,2.75,4654.00,14.00,
"-","-","West","Coffee Island - Tribeca Pune",2025-09-20,"TAKEAWAY",62.00,22,9068.47,495.00,0,0,20.00,0,0,20.00,8573.47,406.85,91.52,0,0,0,498.37,9091.84,4.16,9096.00,21.00,
"-","-","West","Coffee Island - Tribeca Pune",2025-09-20,"DINE IN",395.00,102,63693.28,56.00,0,0,0,0,0,0.00,63637.28,3137.36,75.04,56.78,0,0,3269.18,66906.46,25.54,66932.00,179.00,
"-","-","West","Coffee Island - Tribeca Pune",2025-09-20,"DELIVERY",2.00,1,690.00,100.00,0,30.00,0,0,0,30.00,590.00,0,0,0,31.00,0,31.00,651.00,0.00,651.00,0.00,
"-","-","West","Coffee Island - Tribeca Pune",2025-09-21,"DINE IN",330.00,90,50610.36,343.00,0,0,0,0,0,0.00,50267.36,2492.67,54.45,13.39,0,0,2560.51,52827.87,18.13,52846.00,265.00,
"-","-","West","Coffee Island - Tribeca Pune",2025-09-21,"DELIVERY",7.00,2,1140.00,179.00,0,60.00,0,0,0,60.00,961.00,0,0,0,51.04,0,51.04,1072.04,-0.04,1072.00,0.00,
"-","-","West","Coffee Island - Tribeca Pune",2025-09-21,"TAKEAWAY",57.00,17,6317.03,100.00,0,0,5.00,0,0,5.00,6217.03,273.90,111.35,16.61,0,0,401.86,6623.89,5.11,6629.00,18.00,
"-","-","West","Coffee Island - Tribeca Pune",2025-09-22,"DINE IN",134.00,37,18950.42,50.00,0,0,0,0,0,0.00,18900.42,945.02,0,0,0,0,945.02,19845.44,5.56,19851.00,58.00,
"-","-","West","Coffee Island - Tribeca Pune",2025-09-22,"TAKEAWAY",15.00,6,1623.10,100.00,0,0,5.00,0,0,5.00,1523.10,77.06,0,0,0,0,77.06,1605.16,0.84,1606.00,5.00,
"-","-","West","Coffee Island - Tribeca Pune",2025-09-23,"DINE IN",133.00,35,20690.18,0.00,0,0,0,0,0,0.00,20690.18,1034.51,0,0,0,0,1034.51,21724.69,8.31,21733.00,45.00,
"-","-","West","Coffee Island - Tribeca Pune",2025-09-23,"TAKEAWAY",7.00,4,1045.00,0.00,0,0,0,0,0,0.00,1045.00,52.25,0,0,0,0,52.25,1097.25,0.75,1098.00,4.00,
"-","-","West","Coffee Island - Tribeca Pune",2025-09-23,"DELIVERY",3.00,1,531.86,40.00,0,30.00,0,0,0,30.00,491.86,0,0,0,26.09,0,26.09,547.95,0.05,548.00,0.00,
"-","-","West","Coffee Island - Tribeca Pune",2025-09-24,"DINE IN",139.00,39,22019.41,174.00,0,0,0,0,0,0.00,21845.41,1092.27,0,0,0,0,1092.27,22937.68,9.32,22947.00,55.00,
"-","-","West","Coffee Island - Tribeca Pune",2025-09-24,"DELIVERY",5.00,2,990.00,153.00,0,60.00,0,0,0,60.00,837.00,0,0,0,44.84,0,44.84,941.84,-0.84,941.00,0.00,
"-","-","West","Coffee Island - Tribeca Pune",2025-09-24,"TAKEAWAY",6.00,2,1250.00,174.00,0,0,5.00,0,0,5.00,1076.00,54.71,0,0,0,0,54.71,1135.71,-0.71,1135.00,2.00,
"-","-","West","Coffee Island - Tribeca Pune",2025-09-25,"DELIVERY",2.00,1,260.00,80.00,0,0,0,0,0,0.00,180.00,0,0,0,9.00,0,9.00,189.00,0.00,189.00,0.00,
"-","-","West","Coffee Island - Tribeca Pune",2025-09-25,"DINE IN",113.00,38,16325.80,0.00,0,0,0,0,0,0.00,16325.80,781.34,125.82,0,0,0,907.16,17232.96,7.04,17240.00,41.00,
"-","-","West","Coffee Island - Tribeca Pune",2025-09-25,"TAKEAWAY",12.00,5,1680.00,0.00,0,0,0,0,0,0.00,1680.00,84.00,0,0,0,0,84.00,1764.00,2.00,1766.00,5.00,
"-","-","West","Coffee Island - Tribeca Pune",2025-09-26,"DINE IN",160.00,50,24212.59,88.00,0,0,0,0,0,0.00,24124.59,1206.23,0,0,0,0,1206.23,25330.82,6.18,25337.00,69.00,
"-","-","West","Coffee Island - Tribeca Pune",2025-09-26,"TAKEAWAY",23.00,8,2980.00,200.00,0,0,10.00,0,0,10.00,2780.00,140.80,0,0,0,0,140.80,2930.80,2.20,2933.00,6.00,
"-","-","West","Coffee Island - Tribeca Pune",2025-09-26,"DELIVERY",8.00,2,1590.00,345.00,0,60.00,0,0,0,60.00,1245.00,0,0,0,65.25,0,65.25,1370.25,0.75,1371.00,0.00,
"-","-","West","Coffee Island - Tribeca Pune",2025-09-27,"DINE IN",284.00,77,40614.54,93.00,0,0,0,0,0,0.00,40521.54,2026.09,0,0,0,0,2026.09,42547.63,16.37,42564.00,103.00,
"-","-","West","Coffee Island - Tribeca Pune",2025-09-27,"DELIVERY",5.00,3,1190.00,170.00,0,60.00,0,0,0,60.00,1020.00,0,0,0,54.00,0,54.00,1134.00,1.00,1135.00,0.00,
"-","-","West","Coffee Island - Tribeca Pune",2025-09-27,"TAKEAWAY",33.00,13,5511.28,40.00,0,0,0,0,0,0.00,5471.28,273.57,0,0,0,0,273.57,5744.85,2.15,5747.00,18.00,
"-","-","West","Coffee Island - Tribeca Pune",2025-09-28,"DELIVERY",23.00,6,3190.00,775.99,0,150.00,0,0,0,150.00,2414.01,0,0,0,128.20,0,128.20,2692.21,1.79,2694.00,0.00,
"-","-","West","Coffee Island - Tribeca Pune",2025-09-28,"DINE IN",351.00,89,51334.75,39.00,0,0,0,0,0,0.00,51295.75,2564.79,0,0,0,0,2564.79,53860.54,21.46,53882.00,112.00,
"-","-","West","Coffee Island - Tribeca Pune",2025-09-28,"TAKEAWAY",67.00,22,10250.84,532.00,0,0,25.00,0,0,25.00,9718.84,490.43,0,0,0,0,490.43,10234.27,2.73,10237.00,21.00,
"-","-","West","Coffee Island - Tribeca Pune",2025-09-28,"ONLINE",4.00,1,650.00,100.00,0,0,20.00,5.00,0,25.00,550.00,32.00,0,0,0,0,32.00,607.00,0.00,607.00,0.00,
"-","-","West","Coffee Island - Tribeca Pune",2025-09-29,"DINE IN",124.00,37,18875.28,140.00,0,0,0,0,0,0.00,18735.28,936.77,0,0,0,0,936.77,19672.05,6.95,19679.00,52.00,
"-","-","West","Coffee Island - Tribeca Pune",2025-09-29,"DELIVERY",10.00,2,1740.00,159.98,0,0,0,0,0,0.00,1580.02,0,0,0,79.00,0,79.00,1659.02,-0.02,1659.00,0.00,
"-","-","West","Coffee Island - Tribeca Pune",2025-09-29,"TAKEAWAY",30.00,10,4903.00,100.00,0,0,5.00,0,0,5.00,4803.00,241.05,0,0,0,0,241.05,5049.05,1.95,5051.00,10.00,
"-","-","West","Coffee Island - Tribeca Pune",2025-09-30,"DINE IN",106.00,34,17329.32,262.00,0,0,0,0,0,0.00,17067.32,853.36,0,0,0,0,853.36,17920.68,8.32,17929.00,43.00,
"-","-","West","Coffee Island - Tribeca Pune",2025-09-30,"TAKEAWAY",11.00,4,2432.80,100.00,0,0,10.00,0,0,10.00,2332.80,118.44,0,0,0,0,118.44,2461.24,-0.24,2461.00,3.00,
"-","-","West","Coffee Island Eros Churchgate - Mumbai",2025-09-10,"DINE IN",4.00,3,1050.00,0.00,0,0,0,0,0,0.00,1050.00,52.50,0,0,0,0,52.50,1102.50,0.50,1103.00,3.00,
"-","-","West","Coffee Island Eros Churchgate - Mumbai",2025-09-16,"DINE IN",1.00,1,230.00,0.00,0,0,0,0,0,0.00,230.00,11.50,0,0,0,0,11.50,241.50,0.50,242.00,2.00,
"-","-","West","Coffee Island Eros Churchgate - Mumbai",2025-09-17,"DINE IN",3.00,3,810.00,0.00,0,0,0,0,0,0.00,810.00,40.50,0,0,0,0,40.50,850.50,0.50,851.00,6.00,
"-","-","West","Coffee Island Eros Churchgate - Mumbai",2025-09-18,"DINE IN",2.00,2,440.00,0.00,0,0,0,0,0,0.00,440.00,22.00,0,0,0,0,22.00,462.00,1.00,463.00,4.00,
"-","-","West","Coffee Island Eros Churchgate - Mumbai",2025-09-22,"DINE IN",8.00,8,2030.00,0.00,0,0,0,0,0,0.00,2030.00,101.50,0,0,0,0,101.50,2131.50,3.50,2135.00,12.00,
"-","-","West","Coffee Island Eros Churchgate - Mumbai",2025-09-23,"DINE IN",10.00,6,1710.00,0.00,0,0,0,0,0,0.00,1710.00,85.50,0,0,0,0,85.50,1795.50,2.50,1798.00,6.00,

