  Building Type,Area,Region,Outlet Name,Date,Tabs,No Of Items,No Of Bills,Sale,Discount,Packaging Charge [CART - SWIGGY],Restaurant Charge,Smile Amount Charge,Delivery Charge,Platform Fee Charge,Restaurant Packaging Charges,Total Charges,Net Sale,GST @5%,GST @18%,GST @12%,ECom_GST@5%,Total Tax,Total Amount,Round Off,Gross Amount,Covers,
"-","-","North","Coffee Island Beyond GK II",2025-07-01,"DINE IN",171.00,47,23439.75,0.00,0,0,0,0,0,0,0.00,23439.75,1144.89,77.48,13.39,0,1235.79,24675.54,8.46,24684.00,45.00,
"-","-","North","Coffee Island Beyond GK II",2025-07-01,"DELIVERY",20.00,9,3856.14,733.50,10.00,0,0,0,0,0,10.00,3122.64,0,0,0,156.63,156.64,3289.28,0.72,3290.00,0.00,
"-","-","North","Coffee Island Beyond GK II",2025-07-01,"TAKEAWAY",23.00,9,3178.47,740.00,0,10.00,0,0,0,0,10.00,2438.47,113.31,37.52,0,0,150.83,2599.30,1.70,2601.00,6.00,
"-","-","North","Coffee Island Beyond GK II",2025-07-02,"DELIVERY",47.00,19,10785.60,4340.88,0,0,0,0,0,0,0.00,6444.73,0,0,0,322.25,322.26,6766.99,4.01,6771.00,0.00,
"-","-","North","Coffee Island Beyond GK II",2025-07-02,"TAKEAWAY",62.00,23,11485.81,613.00,0,5.00,0,0,0,0,5.00,10872.81,424.38,391.80,27.21,0,843.40,11721.21,3.79,11725.00,23.00,
"-","-","North","Coffee Island Beyond GK II",2025-07-02,"DINE IN",250.00,51,29632.92,408.00,0,0,0,0,0,0,0.00,29224.92,1386.03,270.77,0,0,1656.84,30881.76,8.24,30890.00,60.00,
"-","-","North","Coffee Island Beyond GK II",2025-07-03,"DINE IN",164.00,47,25307.21,217.00,0,0,0,0,0,0,0.00,25090.21,1243.35,0,26.78,0,1270.17,26360.38,8.62,26369.00,53.00,
"-","-","North","Coffee Island Beyond GK II",2025-07-03,"TAKEAWAY",57.00,19,8744.00,100.00,0,5.00,0,0,0,0,5.00,8644.00,426.49,23.79,0,0,450.31,9099.31,5.69,9105.00,19.00,
"-","-","North","Coffee Island Beyond GK II",2025-07-03,"DELIVERY",30.00,12,6543.10,1910.00,10.00,0,0,0,0,0,10.00,4633.10,0,0,0,232.16,232.16,4875.26,1.74,4877.00,0.00,
"-","-","North","Coffee Island Beyond GK II",2025-07-04,"TAKEAWAY",80.00,24,13233.18,616.00,0,15.00,0,0,0,0,15.00,12617.18,578.66,177.56,13.39,0,769.62,13401.80,3.20,13405.00,23.00,
"-","-","North","Coffee Island Beyond GK II",2025-07-04,"DINE IN",204.00,58,27360.23,0.00,0,0,0,0,0,0,0.00,27360.23,1321.21,148.43,13.39,0,1483.05,28843.28,14.72,28858.00,69.00,
"-","-","North","Coffee Island Beyond GK II",2025-07-04,"DELIVERY",38.00,15,8464.00,3009.57,30.00,0,0,0,0,0,30.00,5454.43,0,20.82,0,268.44,289.26,5773.69,2.31,5776.00,0.00,
"-","-","North","Coffee Island Beyond GK II",2025-07-05,"TAKEAWAY",96.00,35,16781.28,1082.00,0,35.00,0,0,0,0,35.00,15699.28,663.09,421.31,26.79,0,1111.22,16845.50,5.50,16851.00,67.00,
"-","-","North","Coffee Island Beyond GK II",2025-07-05,"DINE IN",308.00,84,42569.00,1189.95,0,0,0,0,0,0,0.00,41379.05,1983.46,283.95,15.88,0,2283.32,43662.37,18.63,43681.00,82.00,
"-","-","North","Coffee Island Beyond GK II",2025-07-05,"DELIVERY",39.00,16,7486.25,2839.61,10.00,0,0,0,0,0,10.00,4646.64,0,0,0,232.84,232.85,4889.49,0.51,4890.00,0.00,
"-","-","North","Coffee Island Beyond GK II",2025-07-06,"DELIVERY",32.00,14,6610.00,1752.25,0,0,0,0,0,0,0.00,4857.75,0,0,0,242.89,242.90,5100.65,1.35,5102.00,0.00,
"-","-","North","Coffee Island Beyond GK II",2025-07-06,"TAKEAWAY",48.00,18,8500.88,718.00,0,30.00,5.00,0,0,0,35.00,7782.88,394.56,0,0,0,394.57,8212.45,4.55,8217.00,12.00,
"-","-","North","Coffee Island Beyond GK II",2025-07-06,"DINE IN",286.00,71,41512.35,24.00,0,0,0,0,0,0,0.00,41488.35,2054.55,71.54,0,0,2126.15,43614.50,17.50,43632.00,83.00,
"-","-","North","Coffee Island Beyond GK II",2025-07-07,"DINE IN",247.00,60,33093.77,9022.98,0,0,0,0,0,0,0.00,24070.79,1164.62,120.05,13.39,0,1298.08,25368.87,14.13,25383.00,49.00,
"-","-","North","Coffee Island Beyond GK II",2025-07-07,"TAKEAWAY",71.00,24,9652.12,171.00,0,35.00,0,0,0,0,35.00,9481.12,437.61,153.91,0,0,591.53,10107.65,3.35,10111.00,21.00,
"-","-","North","Coffee Island Beyond GK II",2025-07-07,"DELIVERY",20.00,10,3630.36,790.00,20.00,0,0,0,0,0,20.00,2840.36,0,0,13.39,137.44,150.83,3011.19,0.81,3012.00,0.00,
"-","-","North","Coffee Island Beyond GK II",2025-07-08,"TAKEAWAY",90.00,32,12807.86,192.00,0,20.00,0,0,0,0,20.00,12615.86,592.92,128.59,13.82,0,735.33,13371.19,7.81,13379.00,29.00,
"-","-","North","Coffee Island Beyond GK II",2025-07-08,"DELIVERY",60.00,18,9037.50,2245.00,0,0,0,0,0,0,0.00,6792.50,0,0,0,339.65,339.67,7132.17,2.83,7135.00,0.00,
"-","-","North","Coffee Island Beyond GK II",2025-07-08,"DINE IN",120.00,39,20332.36,0.00,0,0,0,0,0,0,0.00,20332.36,995.24,56.89,13.39,0,1065.52,21397.88,11.12,21409.00,47.00,
"-","-","North","Coffee Island Beyond GK II",2025-07-09,"TAKEAWAY",47.00,14,6504.25,327.00,0,0.00,0,0,0,0,0.00,6177.25,253.65,198.77,0,0,452.42,6629.67,3.33,6633.00,13.00,
"-","-","North","Coffee Island Beyond GK II",2025-07-09,"DINE IN",193.00,56,26116.58,135.00,0,0,0,0,0,0,0.00,25981.58,1280.02,48.51,13.39,0,1341.93,27323.51,11.49,27335.00,208.00,
"-","-","North","Coffee Island Beyond GK II",2025-07-09,"DELIVERY",27.00,10,3638.75,613.25,10.00,0,0,0,0,0,10.00,3025.50,0,0,0,151.78,151.80,3187.30,2.70,3190.00,0.00,
"-","-","North","Coffee Island Beyond GK II",2025-07-10,"DINE IN",310.00,83,45317.13,5492.69,0,0,0,0,0,0,0.00,39824.44,1936.10,150.25,32.14,0,2118.56,41943.00,16.00,41959.00,88.00,
"-","-","North","Coffee Island Beyond GK II",2025-07-10,"TAKEAWAY",47.00,16,6180.58,495.00,0,20.00,0,0,0,0,20.00,5685.58,275.21,45.61,0,0,320.83,6026.41,1.59,6028.00,12.00,
"-","-","North","Coffee Island Beyond GK II",2025-07-10,"DELIVERY",16.00,7,2898.75,845.00,0,0,0,0,0,0,0.00,2053.75,0,0,4.35,100.88,105.23,2158.98,2.02,2161.00,0.00,
"-","-","North","Coffee Island Beyond GK II",2025-07-11,"TAKEAWAY",71.00,19,10751.41,200.00,0,10.00,0,0,0,0,10.00,10551.41,493.97,67.11,40.17,0,601.28,11162.69,3.31,11166.00,58.00,
"-","-","North","Coffee Island Beyond GK II",2025-07-11,"DELIVERY",38.00,15,6892.14,1355.37,30.00,0,0,0,0,0,30.00,5536.78,0,117.61,0,245.67,363.28,5930.06,2.94,5933.00,0.00,
"-","-","North","Coffee Island Beyond GK II",2025-07-11,"DINE IN",251.00,71,38576.28,7311.25,0,0,0,0,0,0,0.00,31265.03,1502.87,189.30,18.75,0,1710.93,32975.96,15.04,32991.00,72.00,
"-","-","North","Coffee Island Beyond GK II",2025-07-11,"ONLINE",2.00,1,270.00,62.00,0,20.00,0,30.00,5.00,0,55.00,208.00,20.30,0,0,0,20.30,283.30,-0.30,283.00,0.00,
"-","-","North","Coffee Island Beyond GK II",2025-07-12,"DINE IN",238.00,68,34296.13,2129.19,0,0,0,0,0,0,0.00,32166.94,1565.06,135.76,13.39,0,1714.25,33881.19,12.81,33894.00,62.00,
"-","-","North","Coffee Island Beyond GK II",2025-07-12,"DELIVERY",51.00,15,7920.85,2107.36,50.00,0,0,0,0,0,50.00,5813.50,0,42.22,0,281.45,323.68,6187.18,-0.18,6187.00,0.00,
"-","-","North","Coffee Island Beyond GK II",2025-07-12,"TAKEAWAY",117.00,29,17090.85,472.00,0,5.00,0,0,0,0,5.00,16618.85,801.11,85.73,16.61,0,903.49,17527.34,5.66,17533.00,69.00,
"-","-","North","Coffee Island Beyond GK II",2025-07-13,"DINE IN",275.00,79,40035.86,327.00,0,0,0,0,0,0,0.00,39708.86,1965.58,71.54,0,0,2037.14,41746.00,19.00,41765.00,82.00,
"-","-","North","Coffee Island Beyond GK II",2025-07-13,"DELIVERY",26.00,12,3719.79,1332.00,50.00,0,0,0,0,0,50.00,2387.79,0,39.12,0,111.02,150.15,2587.94,1.06,2589.00,0.00,
"-","-","North","Coffee Island Beyond GK II",2025-07-13,"TAKEAWAY",142.00,41,21846.42,193.00,0,15.00,0,0,0,0,15.00,21653.42,1059.36,93.66,0,0,1153.04,22821.46,9.54,22831.00,42.00,
"-","-","North","Coffee Island Beyond GK II",2025-07-14,"TAKEAWAY",38.00,11,5711.57,82.00,0,5.00,0,0,0,0,5.00,5629.57,275.17,25.93,0,0,301.11,5935.68,2.32,5938.00,9.00,
"-","-","North","Coffee Island Beyond GK II",2025-07-14,"DINE IN",200.00,53,26003.65,167.00,0,0,0,0,0,0,0.00,25836.65,1280.67,0,26.78,0,1307.50,27144.15,9.85,27154.00,53.00,
"-","-","North","Coffee Island Beyond GK II",2025-07-14,"DELIVERY",39.00,15,7022.50,1540.97,40.00,0,0,0,0,0,40.00,5481.53,0,0,0,276.07,276.08,5797.61,2.39,5800.00,0.00,
"-","-","North","Coffee Island Beyond GK II",2025-07-15,"DINE IN",188.00,51,30191.85,564.00,0,0,0,0,0,0,0.00,29627.85,1475.68,20.59,0,0,1496.27,31124.12,12.88,31137.00,63.00,
"-","-","North","Coffee Island Beyond GK II",2025-07-15,"TAKEAWAY",91.00,28,15147.58,410.00,0,15.00,0,0,0,0,15.00,14737.58,687.13,168.71,13.39,0,869.26,15621.84,6.16,15628.00,25.00,
"-","-","North","Coffee Island Beyond GK II",2025-07-15,"DELIVERY",35.00,15,4915.66,1148.00,70.00,0,0,0,0,0,70.00,3767.66,0,18.44,0,186.77,205.21,4042.87,3.13,4046.00,0.00,
"-","-","North","Coffee Island Beyond GK II",2025-07-16,"TAKEAWAY",79.00,24,12503.55,546.00,0,10.00,0,0,0,0,10.00,11957.55,592.05,27.46,0,0,619.53,12587.08,5.92,12593.00,27.00,
"-","-","North","Coffee Island Beyond GK II",2025-07-16,"DELIVERY",41.00,16,6477.95,1854.99,60.00,0,0,0,0,0,60.00,4622.96,0,33.86,0,224.74,258.60,4941.56,2.44,4944.00,0.00,
"-","-","North","Coffee Island Beyond GK II",2025-07-16,"DINE IN",148.00,44,20470.44,319.00,0,0,0,0,0,0,0.00,20151.44,993.43,50.95,0,0,1044.40,21195.84,9.16,21205.00,104.00,
"-","-","North","Coffee Island Beyond GK II",2025-07-17,"TAKEAWAY",65.00,18,9260.60,168.00,0,15.00,0,0,0,0,15.00,9092.60,444.63,45.74,0,0,490.39,9597.99,3.01,9601.00,16.00,
"-","-","North","Coffee Island Beyond GK II",2025-07-17,"DINE IN",168.00,50,26471.92,345.85,0,0,0,0,0,0,0.00,26126.07,1265.53,146.79,0,0,1412.33,27538.40,11.60,27550.00,54.00,
"-","-","North","Coffee Island Beyond GK II",2025-07-17,"DELIVERY",57.00,18,8672.12,2422.00,80.00,0,0,0,0,0,80.00,6250.12,0,148.88,0,275.16,424.04,6754.16,1.84,6756.00,0.00,
"-","-","North","Coffee Island Beyond GK II",2025-07-18,"TAKEAWAY",51.00,18,7753.40,634.50,0,15.00,0,0,0,0,15.00,7118.90,353.06,0,13.39,0,366.46,7500.36,2.64,7503.00,15.00,
"-","-","North","Coffee Island Beyond GK II",2025-07-18,"DELIVERY",40.00,15,6790.89,2117.74,90.00,0,0,0,0,0,90.00,4673.15,0,99.61,0,210.50,310.11,5073.26,0.74,5074.00,0.00,
"-","-","North","Coffee Island Beyond GK II",2025-07-18,"DINE IN",242.00,68,32920.11,656.00,0,0,0,0,0,0,0.00,32264.11,1555.73,109.23,65.14,0,1730.12,33994.23,16.77,34011.00,65.00,
"-","-","North","Coffee Island Beyond GK II",2025-07-19,"DINE IN",222.00,69,33180.41,572.00,0,0,0,0,0,0,0.00,32608.41,1580.20,180.82,0,0,1761.06,34369.47,10.53,34380.00,86.00,
"-","-","North","Coffee Island Beyond GK II",2025-07-19,"DELIVERY",27.00,13,5445.00,1578.99,60.00,0,0,0,0,0,60.00,3866.01,0,0,0,196.31,196.31,4122.32,0.68,4123.00,0.00,
"-","-","North","Coffee Island Beyond GK II",2025-07-19,"TAKEAWAY",60.00,20,8825.00,165.00,0,10.00,0,0,0,0,10.00,8660.00,434.79,0,0,0,434.82,9104.82,5.18,9110.00,30.00,
"-","-","North","Coffee Island Beyond GK II",2025-07-20,"DINE IN",303.00,81,46029.38,761.55,0,0,0,0,0,0,0.00,45267.83,2168.59,326.80,9.68,0,2505.10,47772.93,24.07,47797.00,99.00,
"-","-","North","Coffee Island Beyond GK II",2025-07-20,"DELIVERY",46.00,20,9442.50,3404.00,60.00,0,0,0,0,0,60.00,6038.50,0,0,0,304.93,304.93,6403.43,1.57,6405.00,0.00,
"-","-","North","Coffee Island Beyond GK II",2025-07-20,"TAKEAWAY",65.00,20,10196.20,412.00,0,10.00,0,0,0,0,10.00,9784.20,491.01,0,0,0,491.02,10285.22,5.78,10291.00,22.00,
"-","-","North","Coffee Island Beyond GK II",2025-07-21,"DELIVERY",38.00,15,5858.71,1505.00,70.00,0,0,0,0,0,70.00,4353.71,0,18.15,0,216.14,234.30,4658.01,0.99,4659.00,0.00,
"-","-","North","Coffee Island Beyond GK II",2025-07-21,"TAKEAWAY",45.00,15,5906.13,226.00,0,15.00,0,0,0,0,15.00,5680.13,286.71,0,0,0,286.71,5981.84,2.16,5984.00,13.00,
"-","-","North","Coffee Island Beyond GK II",2025-07-21,"DINE IN",154.00,46,20711.92,321.00,0,0,0,0,0,0,0.00,20390.92,1008.40,0,26.79,0,1035.20,21426.12,11.88,21438.00,49.00,
"-","-","North","Coffee Island Beyond GK II",2025-07-22,"DELIVERY",42.00,17,6315.00,1649.25,70.00,0,0,0,0,0,70.00,4665.75,0,0,0,236.79,236.80,4972.55,-0.55,4972.00,0.00,
"-","-","North","Coffee Island Beyond GK II",2025-07-22,"TAKEAWAY",53.00,22,8888.94,485.00,0,10.00,0,0,0,0,10.00,8403.94,408.61,0,32.14,0,440.77,8854.71,5.29,8860.00,20.00,
"-","-","North","Coffee Island Beyond GK II",2025-07-22,"DINE IN",152.00,47,21596.57,875.00,0,0,0,0,0,0,0.00,20721.57,1008.72,85.73,8.51,0,1102.98,21824.55,10.45,21835.00,60.00,
"-","-","North","Coffee Island Beyond GK II",2025-07-23,"DELIVERY",62.00,24,10820.10,3028.23,110.00,0,0,0,0,0,110.00,7791.87,0,29.99,0,386.76,416.75,8318.62,0.38,8319.00,0.00,
"-","-","North","Coffee Island Beyond GK II",2025-07-23,"TAKEAWAY",52.00,18,7434.45,239.00,0,15.00,0,0,0,0,15.00,7195.45,341.63,75.05,0,0,416.69,7627.14,5.86,7633.00,16.00,
"-","-","North","Coffee Island Beyond GK II",2025-07-23,"DINE IN",169.00,49,23359.23,87.00,0,0,0,0,0,0,0.00,23272.23,1163.62,0,0,0,1163.65,24435.88,11.12,24447.00,53.00,
"-","-","North","Coffee Island Beyond GK II",2025-07-24,"DINE IN",207.00,63,23415.60,289.00,0,0,0,0,0,0,0.00,23126.60,1122.79,100.64,13.39,0,1236.85,24363.45,13.55,24377.00,62.00,
"-","-","North","Coffee Island Beyond GK II",2025-07-24,"TAKEAWAY",48.00,15,6842.44,381.00,0,0,0,0,0,0,0.00,6461.44,315.73,0,17.62,0,333.35,6794.79,4.21,6799.00,17.00,
"-","-","North","Coffee Island Beyond GK II",2025-07-24,"DELIVERY",33.00,11,4750.00,2161.38,80.00,0,0,0,0,0,80.00,2588.63,0,0,0,133.43,133.44,2802.07,-0.07,2802.00,0.00,
"-","-","North","Coffee Island Beyond GK II",2025-07-25,"DELIVERY",45.00,19,9087.50,2777.50,80.00,0,0,0,0,0,80.00,6310.00,0,0,0,319.50,319.50,6709.50,2.50,6712.00,0.00,
"-","-","North","Coffee Island Beyond GK II",2025-07-25,"DINE IN",159.00,54,29989.76,881.00,0,0,0,0,0,0,0.00,29108.76,1320.78,468.46,10.87,0,1800.11,30908.87,14.13,30923.00,60.00,
"-","-","North","Coffee Island Beyond GK II",2025-07-25,"TAKEAWAY",102.00,25,19304.68,2185.92,0,5.00,0,0,0,0,5.00,17118.76,564.02,879.49,116.41,0,1559.93,18683.69,5.31,18689.00,26.00,
"-","-","North","Coffee Island Beyond GK II",2025-07-26,"DELIVERY",49.00,19,8210.00,2402.25,90.00,0,0,0,0,0,90.00,5807.75,0,0,0,294.89,294.90,6192.65,0.35,6193.00,0.00,
"-","-","North","Coffee Island Beyond GK II",2025-07-26,"TAKEAWAY",87.00,26,12620.49,333.00,0,10.00,0,0,0,0,10.00,12287.49,602.64,20.59,18.75,0,641.99,12939.48,7.52,12947.00,29.00,
"-","-","North","Coffee Island Beyond GK II",2025-07-26,"DINE IN",223.00,70,35249.53,829.00,0,0,0,0,0,0,0.00,34420.53,1704.55,20.59,25.85,0,1751.03,36171.56,19.44,36191.00,86.00,
"-","-","North","Coffee Island Beyond GK II",2025-07-27,"DINE IN",279.00,75,42215.01,1763.00,0,0,0,0,0,0,0.00,40452.01,2016.88,20.59,0,0,2037.51,42489.52,21.48,42511.00,74.00,
"-","-","North","Coffee Island Beyond GK II",2025-07-27,"DELIVERY",31.00,15,5565.56,1258.99,80.00,0,0,0,0,0,80.00,4306.57,0,18.15,13.39,208.71,240.25,4626.82,1.18,4628.00,0.00,
"-","-","North","Coffee Island Beyond GK II",2025-07-27,"TAKEAWAY",113.00,36,17932.74,1059.00,0,30.00,0,0,0,0,30.00,16873.74,849.13,0,0,0,849.14,17752.88,7.12,17760.00,33.00,
"-","-","North","Coffee Island Beyond GK II",2025-07-28,"TAKEAWAY",34.00,13,5863.77,342.00,0,15.00,0,0,0,0,15.00,5521.77,272.48,22.73,0,0,295.22,5831.99,1.01,5833.00,12.00,
"-","-","North","Coffee Island Beyond GK II",2025-07-28,"DINE IN",142.00,54,21263.66,890.00,0,0,0,0,0,0,0.00,20373.66,967.41,111.47,48.75,0,1127.66,21501.32,13.68,21515.00,70.00,
"-","-","North","Coffee Island Beyond GK II",2025-07-28,"DELIVERY",41.00,12,5004.70,1727.24,90.00,0,0,0,0,0,90.00,3277.46,0,0,0,168.39,168.39,3535.85,0.15,3536.00,0.00,
"-","-","North","Coffee Island Beyond GK II",2025-07-29,"DELIVERY",37.00,15,6858.35,2562.98,90.00,0,0,0,0,0,90.00,4295.37,0,11.69,0,216.02,227.71,4613.08,-0.08,4613.00,0.00,
"-","-","North","Coffee Island Beyond GK II",2025-07-29,"DINE IN",135.00,37,17483.53,19.00,0,0,0,0,0,0,0.00,17464.53,862.61,18.15,13.39,0,894.16,18358.69,7.31,18366.00,44.00,
"-","-","North","Coffee Island Beyond GK II",2025-07-29,"TAKEAWAY",28.00,12,3965.00,23.00,0,0,0,0,0,0,0.00,3942.00,197.10,0,0,0,197.11,4139.11,3.89,4143.00,13.00,
"-","-","North","Coffee Island Beyond GK II",2025-07-30,"DELIVERY",30.00,9,4756.25,2116.50,70.00,0,0,0,0,0,70.00,2639.75,0,0,0,135.50,135.50,2845.25,-1.25,2844.00,0.00,
"-","-","North","Coffee Island Beyond GK II",2025-07-30,"TAKEAWAY",38.00,12,5923.40,146.00,0,5.00,0,0,0,0,5.00,5777.40,260.29,106.13,0,0,366.42,6148.82,1.18,6150.00,14.00,
"-","-","North","Coffee Island Beyond GK II",2025-07-30,"DINE IN",130.00,47,20623.28,2040.00,0,0,0,0,0,0,0.00,18583.28,910.81,41.18,16.61,0,968.63,19551.91,9.09,19561.00,46.00,
"-","-","North","Coffee Island Beyond GK II",2025-07-31,"DELIVERY",27.00,11,4657.95,1546.99,60.00,0,0,0,0,0,60.00,3110.96,0,69.48,0,139.25,208.74,3379.70,0.30,3380.00,0.00,
"-","-","North","Coffee Island Beyond GK II",2025-07-31,"TAKEAWAY",44.00,11,6060.00,100.00,0,5.00,0,0,0,0,5.00,5960.00,298.90,0,0,0,298.91,6263.91,2.09,6266.00,15.00,
"-","-","North","Coffee Island Beyond GK II",2025-07-31,"DINE IN",171.00,53,25139.95,1117.57,0,0,0,0,0,0,0.00,24022.38,1163.71,94.50,26.78,0,1285.02,25307.40,11.60,25319.00,52.00,
"-","-","North","Coffee Island HQ-27",2025-07-01,"DELIVERY",49.00,13,7643.20,1632.72,0,0,0,0,0,160.00,160.00,6010.48,0,72.48,0,288.39,360.89,6531.37,-0.37,6531.00,0.00,
"-","-","North","Coffee Island HQ-27",2025-07-01,"DINE IN",77.00,24,9625.33,280.00,0,0,0,0,0,0,0.00,9345.33,459.45,0,18.75,0,478.20,9823.53,0.47,9824.00,27.00,
"-","-","North","Coffee Island HQ-27",2025-07-01,"TAKEAWAY",94.00,31,12572.26,565.67,0,20.00,0,0,0,0,20.00,12006.59,584.80,20.59,32.14,0,637.53,12664.12,0.88,12665.00,29.00,
"-","-","North","Coffee Island HQ-27",2025-07-02,"DELIVERY",34.00,11,5517.06,1499.63,0,0,0,0,0,160.00,160.00,4017.43,0,36.30,0,198.79,235.09,4412.52,0.48,4413.00,0.00,
"-","-","North","Coffee Island HQ-27",2025-07-02,"TAKEAWAY",139.00,50,20414.45,660.08,0,5.00,0,0,0,0,5.00,19754.37,958.10,81.60,18.75,0,1058.45,20817.82,0.18,20818.00,54.00,
"-","-","North","Coffee Island HQ-27",2025-07-02,"DINE IN",73.00,23,10197.35,724.29,0,0,0,0,0,0,0.00,9473.06,468.07,0,13.39,0,481.46,9954.52,0.48,9955.00,34.00,
"-","-","North","Coffee Island HQ-27",2025-07-03,"DINE IN",132.00,44,16787.81,385.92,0,0,0,0,0,0,0.00,16401.89,802.18,18.15,30.80,0,851.13,17253.02,1.98,17255.00,64.00,
"-","-","North","Coffee Island HQ-27",2025-07-03,"TAKEAWAY",78.00,32,11869.84,827.14,0,5.00,0,0,0,0,5.00,11042.70,512.86,124.47,13.39,0,650.72,11698.42,1.58,11700.00,35.00,
"-","-","North","Coffee Island HQ-27",2025-07-03,"DELIVERY",48.00,12,6055.00,2024.49,0,0,0,0,0,180.00,180.00,4030.51,0,0,0,210.54,210.54,4421.05,-0.05,4421.00,0.00,
"-","-","North","Coffee Island HQ-27",2025-07-03,"ONLINE",3.00,1,503.00,365.45,0,5.00,0,30.00,5.00,0,40.00,137.55,14.07,0,0,0,14.07,191.62,0.38,192.00,0.00,
"-","-","North","Coffee Island HQ-27",2025-07-04,"DELIVERY",26.00,9,3889.89,819.22,0,0,0,0,0,80.00,80.00,3070.67,0,15.71,0,153.17,168.88,3319.55,1.45,3321.00,0.00,
"-","-","North","Coffee Island HQ-27",2025-07-04,"TAKEAWAY",83.00,28,11712.58,824.95,0,10.00,0,0,0,0,10.00,10887.63,513.35,118.06,0,0,631.41,11529.04,-1.04,11528.00,29.00,
"-","-","North","Coffee Island HQ-27",2025-07-04,"DINE IN",104.00,26,12687.95,705.91,0,0,0,0,0,0,0.00,11982.04,588.33,20.59,12.05,0,620.97,12603.01,1.99,12605.00,32.00,
"-","-","North","Coffee Island HQ-27",2025-07-05,"DINE IN",149.00,46,22432.61,2459.62,0,0,0,0,0,0,0.00,19972.99,964.08,65.59,39.26,0,1068.93,21041.92,0.08,21042.00,45.00,
"-","-","North","Coffee Island HQ-27",2025-07-05,"DELIVERY",30.00,9,4230.00,922.37,0,0,0,0,0,60.00,60.00,3307.64,0,0,0,168.39,168.40,3536.04,-0.04,3536.00,0.00,
"-","-","North","Coffee Island HQ-27",2025-07-05,"TAKEAWAY",33.00,12,3666.07,135.91,0,5.00,0,0,0,0,5.00,3530.16,177.39,0,0,0,177.39,3712.55,-0.55,3712.00,11.00,
"-","-","North","Coffee Island HQ-27",2025-07-06,"DINE IN",58.00,18,7540.06,601.00,0,0,0,0,0,0,0.00,6939.06,278.31,247.12,0,0,525.43,7464.49,0.51,7465.00,19.00,
"-","-","North","Coffee Island HQ-27",2025-07-06,"TAKEAWAY",18.00,8,2521.59,158.43,0,0,0,0,0,0,0.00,2363.16,100.53,63.45,0,0,163.98,2527.14,0.86,2528.00,9.00,
"-","-","North","Coffee Island HQ-27",2025-07-06,"DELIVERY",20.00,10,3405.70,764.62,0,0,0,0,0,100.00,100.00,2641.08,0,75.05,0,116.21,191.26,2932.34,0.66,2933.00,0.00,
"-","-","North","Coffee Island HQ-27",2025-07-06,"ONLINE",2.00,1,666.00,131.00,0,5.00,0,0,5.00,0,10.00,535.00,28.56,0,0,0,28.56,573.56,0.44,574.00,0.00,
"-","-","North","Coffee Island HQ-27",2025-07-07,"TAKEAWAY",80.00,27,11172.08,376.24,0,5.00,0,0,0,0,5.00,10795.84,525.03,0,37.50,0,562.53,11363.37,0.63,11364.00,26.00,
"-","-","North","Coffee Island HQ-27",2025-07-07,"DELIVERY",19.00,8,2855.00,831.24,0,0,0,0,0,60.00,60.00,2023.76,0,0,0,104.19,104.19,2187.95,-1.95,2186.00,0.00,
"-","-","North","Coffee Island HQ-27",2025-07-07,"DINE IN",60.00,16,7040.50,472.85,0,0,0,0,0,0,0.00,6567.65,328.36,0,0,0,328.36,6896.01,0.99,6897.00,16.00,
"-","-","North","Coffee Island HQ-27",2025-07-08,"DELIVERY",30.00,11,4593.75,1256.00,0,0,0,0,0,100.00,100.00,3337.75,0,0,0,171.88,171.88,3609.63,-0.63,3609.00,0.00,
"-","-","North","Coffee Island HQ-27",2025-07-08,"DINE IN",168.00,55,24149.53,2021.05,0,0,0,0,0,0,0.00,22128.48,1028.27,126.91,102.76,0,1257.94,23386.42,0.58,23387.00,53.00,
"-","-","North","Coffee Island HQ-27",2025-07-08,"TAKEAWAY",63.00,24,8782.34,759.72,0,15.00,0,0,0,0,15.00,8022.62,389.07,53.02,0,0,442.09,8479.71,1.29,8481.00,22.00,
"-","-","North","Coffee Island HQ-27",2025-07-09,"TAKEAWAY",48.00,25,7361.72,666.66,0,10.00,0,0,0,0,10.00,6695.06,332.03,16.34,0,0,348.37,7053.43,-0.43,7053.00,25.00,
"-","-","North","Coffee Island HQ-27",2025-07-09,"DINE IN",115.00,38,19630.76,1261.30,0,0,0,0,0,0,0.00,18369.46,918.43,0,0,0,918.43,19287.89,0.11,19288.00,45.00,
"-","-","North","Coffee Island HQ-27",2025-07-09,"ONLINE",1.00,1,300.00,44.00,0,5.00,0,30.00,5.00,0,40.00,256.00,7.20,0,30.72,0,37.92,333.92,0.08,334.00,0.00,
"-","-","North","Coffee Island HQ-27",2025-07-09,"DELIVERY",29.00,8,4499.40,1044.95,0,0,0,0,0,40.00,40.00,3454.45,0,0,0,174.72,174.72,3669.17,-0.17,3669.00,0.00,
"-","-","North","Coffee Island HQ-27",2025-07-10,"TAKEAWAY",63.00,26,10079.79,548.89,0,35.00,0,0,0,0,35.00,9530.90,468.56,51.40,0,0,519.96,10085.86,1.14,10087.00,31.00,
"-","-","North","Coffee Island HQ-27",2025-07-10,"DELIVERY",32.00,9,4777.50,1241.24,0,0,0,0,0,100.00,100.00,3536.26,0,0,0,181.81,181.82,3818.08,1.92,3820.00,0.00,
"-","-","North","Coffee Island HQ-27",2025-07-10,"DINE IN",99.00,28,12859.99,823.85,0,0,0,0,0,0,0.00,12036.14,529.10,148.41,75.55,0,753.06,12789.20,-0.20,12789.00,30.00,
"-","-","North","Coffee Island HQ-27",2025-07-11,"DINE IN",131.00,44,19233.64,1135.86,0,0,0,0,0,0,0.00,18097.78,860.33,111.98,32.14,0,1004.45,19102.23,1.77,19104.00,51.00,
"-","-","North","Coffee Island HQ-27",2025-07-11,"DELIVERY",56.00,14,6916.30,2271.50,0,0,0,0,0,180.00,180.00,4644.80,0,0,0,241.24,241.25,5066.05,-0.05,5066.00,0.00,
"-","-","North","Coffee Island HQ-27",2025-07-11,"TAKEAWAY",120.00,36,16987.11,654.09,0,10.00,0,0,0,0,10.00,16333.02,801.09,42.28,13.39,0,856.76,17199.78,0.22,17200.00,34.00,
"-","-","North","Coffee Island HQ-27",2025-07-12,"DELIVERY",53.00,18,9558.75,2129.95,0,0,0,0,0,120.00,120.00,7428.80,0,0,0,377.45,377.46,7926.26,1.74,7928.00,0.00,
"-","-","North","Coffee Island HQ-27",2025-07-12,"TAKEAWAY",95.00,31,13848.01,603.69,0,10.00,0,0,0,0,10.00,13244.32,553.59,397.52,0,0,951.11,14205.43,1.57,14207.00,32.00,
"-","-","North","Coffee Island HQ-27",2025-07-12,"DINE IN",112.00,24,15217.03,894.00,0,0,0,0,0,0,0.00,14323.03,665.08,155.75,18.75,0,839.58,15162.61,0.39,15163.00,36.00,
"-","-","North","Coffee Island HQ-27",2025-07-13,"DELIVERY",32.00,11,4557.50,1221.98,0,0,0,0,0,80.00,80.00,3335.52,0,0,0,170.77,170.77,3586.29,0.71,3587.00,0.00,
"-","-","North","Coffee Island HQ-27",2025-07-13,"TAKEAWAY",13.00,4,2415.05,0.00,0,5.00,0,0,0,0,5.00,2415.05,102.87,67.58,0,0,170.45,2590.50,0.50,2591.00,3.00,
"-","-","North","Coffee Island HQ-27",2025-07-13,"DINE IN",45.00,13,6759.54,1734.52,0,0,0,0,0,0,0.00,5025.02,251.23,0,0,0,251.23,5276.25,0.75,5277.00,18.00,
"-","-","North","Coffee Island HQ-27",2025-07-14,"DINE IN",143.00,38,18160.52,1867.78,0,0,0,0,0,0,0.00,16292.74,801.81,25.93,13.39,0,841.13,17133.87,-0.87,17133.00,48.00,
"-","-","North","Coffee Island HQ-27",2025-07-14,"DELIVERY",28.00,9,3962.50,1305.00,0,0,0,0,0,80.00,80.00,2657.50,0,0,0,136.88,136.89,2874.39,-0.39,2874.00,0.00,
"-","-","North","Coffee Island HQ-27",2025-07-14,"TAKEAWAY",55.00,22,6616.45,1018.58,0,10.00,0,0,0,0,10.00,5597.87,281.68,0,0,0,281.68,5889.55,0.45,5890.00,35.00,
"-","-","North","Coffee Island HQ-27",2025-07-15,"DELIVERY",67.00,18,8800.00,3233.50,0,0,0,0,0,160.00,160.00,5566.50,0,0,0,286.34,286.36,6012.86,0.14,6013.00,0.00,
"-","-","North","Coffee Island HQ-27",2025-07-15,"TAKEAWAY",64.00,24,9090.13,1413.17,0,20.00,0,0,0,0,20.00,7676.96,387.44,0,0,0,387.45,8084.41,0.59,8085.00,21.00,
"-","-","North","Coffee Island HQ-27",2025-07-15,"DINE IN",84.00,27,12568.72,1851.50,0,0,0,0,0,0,0.00,10717.22,532.69,11.35,0,0,544.04,11261.26,2.74,11264.00,33.00,
"-","-","North","Coffee Island HQ-27",2025-07-16,"DELIVERY",54.00,18,7268.77,2399.34,0,0,0,0,0,140.00,140.00,4869.43,0,18.20,0,245.43,263.63,5273.06,-0.06,5273.00,0.00,
"-","-","North","Coffee Island HQ-27",2025-07-16,"DINE IN",146.00,32,24938.22,568.86,0,0,0,0,0,0,0.00,24369.36,1143.11,230.95,26.79,0,1400.85,25770.21,2.79,25773.00,39.00,
"-","-","North","Coffee Island HQ-27",2025-07-16,"TAKEAWAY",64.00,23,9297.03,716.64,0,15.00,0,0,0,0,15.00,8580.39,410.50,51.05,16.88,0,478.44,9073.83,-0.83,9073.00,24.00,
"-","-","North","Coffee Island HQ-27",2025-07-17,"DELIVERY",50.00,14,6290.00,2544.25,0,0,0,0,0,80.00,80.00,3745.75,0,0,0,191.29,191.30,4017.05,-1.05,4016.00,0.00,
"-","-","North","Coffee Island HQ-27",2025-07-17,"TAKEAWAY",31.00,13,5332.64,1179.77,0,10.00,0,0,0,0,10.00,4152.87,209.44,0,0,0,209.44,4372.31,-0.31,4372.00,12.00,
"-","-","North","Coffee Island HQ-27",2025-07-17,"DINE IN",116.00,45,18664.33,416.00,0,0,0,0,0,0,0.00,18248.33,835.52,216.03,18.75,0,1070.30,19318.63,0.37,19319.00,59.00,
"-","-","North","Coffee Island HQ-27",2025-07-18,"DELIVERY",87.00,24,14225.00,4578.36,0,0,0,0,0,240.00,240.00,9646.64,0,0,0,494.32,494.32,10380.95,2.05,10383.00,0.00,
"-","-","North","Coffee Island HQ-27",2025-07-18,"TAKEAWAY",51.00,16,8149.68,347.96,0,10.00,0,0,0,0,10.00,7801.72,391.89,0,0,0,391.89,8203.61,1.39,8205.00,14.00,
"-","-","North","Coffee Island HQ-27",2025-07-18,"DINE IN",124.00,36,17671.42,531.99,0,0,0,0,0,0,0.00,17139.43,809.71,72.15,43.58,0,925.44,18064.87,0.13,18065.00,44.00,
"-","-","North","Coffee Island HQ-27",2025-07-19,"TAKEAWAY",32.00,13,5788.44,602.59,0,5.00,0,0,0,0,5.00,5185.85,255.14,18.15,0,0,273.29,5464.14,-0.14,5464.00,12.00,
"-","-","North","Coffee Island HQ-27",2025-07-19,"DELIVERY",36.00,13,5567.50,2022.88,0,0,0,0,0,160.00,160.00,3544.62,0,0,0,185.24,185.25,3889.87,0.13,3890.00,0.00,
"-","-","North","Coffee Island HQ-27",2025-07-19,"DINE IN",67.00,31,9577.32,194.60,0,0,0,0,0,0,0.00,9382.72,430.12,115.46,16.61,0,562.19,9944.91,0.09,9945.00,51.00,
"-","-","North","Coffee Island HQ-27",2025-07-20,"DELIVERY",41.00,12,5057.75,2066.99,0,0,0,0,0,100.00,100.00,2990.76,0,25.05,0,147.57,172.62,3263.38,0.62,3264.00,0.00,
"-","-","North","Coffee Island HQ-27",2025-07-20,"DINE IN",60.00,17,7521.48,112.38,0,0,0,0,0,0,0.00,7409.10,370.45,0,0,0,370.45,7779.55,0.45,7780.00,17.00,
"-","-","North","Coffee Island HQ-27",2025-07-20,"TAKEAWAY",17.00,9,1972.78,243.12,0,0,0,0,0,0,0.00,1729.66,74.28,43.93,0,0,118.21,1847.87,0.13,1848.00,11.00,
"-","-","North","Coffee Island HQ-27",2025-07-20,"ONLINE",3.00,1,880.00,100.00,0,5.00,0,0,5.00,0,10.00,780.00,12.70,101.15,0,0,113.85,903.85,0.15,904.00,0.00,
"-","-","North","Coffee Island HQ-27",2025-07-21,"DELIVERY",60.00,20,8616.25,2971.25,0,0,0,0,0,100.00,100.00,5645.00,0,0,0,287.25,287.25,6032.25,-0.25,6032.00,0.00,
"-","-","North","Coffee Island HQ-27",2025-07-21,"TAKEAWAY",58.00,20,8031.16,961.48,0,15.00,0,0,0,0,15.00,7069.68,356.18,0,0,0,356.18,7440.86,0.14,7441.00,23.00,
"-","-","North","Coffee Island HQ-27",2025-07-21,"ONLINE",2.00,1,257.00,176.00,0,5.00,5.00,30.00,5.00,0,45.00,81.00,11.25,0,0,0,11.25,137.25,-0.25,137.00,0.00,
"-","-","North","Coffee Island HQ-27",2025-07-21,"DINE IN",72.00,23,7590.48,992.86,0,0,0,0,0,0,0.00,6597.62,329.87,0,0,0,329.87,6927.49,-0.49,6927.00,24.00,
"-","-","North","Coffee Island HQ-27",2025-07-22,"DELIVERY",60.00,17,7827.50,2800.61,0,0,0,0,0,80.00,80.00,5026.90,0,0,0,255.35,255.36,5362.26,1.74,5364.00,0.00,
"-","-","North","Coffee Island HQ-27",2025-07-22,"DINE IN",90.00,29,13273.20,368.39,0,0,0,0,0,0,0.00,12904.81,635.10,36.31,0,0,671.41,13576.22,0.78,13577.00,59.00,
"-","-","North","Coffee Island HQ-27",2025-07-22,"TAKEAWAY",67.00,22,8370.08,1598.01,0,10.00,0,0,0,0,10.00,6772.07,320.85,44.98,16.87,0,382.70,7164.77,0.23,7165.00,29.00,
"-","-","North","Coffee Island HQ-27",2025-07-23,"DELIVERY",30.00,10,3756.68,1534.79,0,0,0,0,0,100.00,100.00,2221.89,0,46.33,0,103.23,149.57,2471.46,-2.46,2469.00,0.00,
"-","-","North","Coffee Island HQ-27",2025-07-23,"TAKEAWAY",31.00,15,5136.69,857.57,0,10.00,0,0,0,0,10.00,4279.12,200.74,54.00,0,0,254.74,4543.86,1.14,4545.00,19.00,
"-","-","North","Coffee Island HQ-27",2025-07-23,"DINE IN",78.00,28,12212.05,261.41,0,0,0,0,0,0,0.00,11950.64,517.12,289.43,0,0,806.55,12757.19,0.81,12758.00,63.00,
"-","-","North","Coffee Island HQ-27",2025-07-24,"DELIVERY",84.00,21,10698.35,4336.22,0,0,0,0,0,140.00,140.00,6362.13,0,18.15,0,320.07,338.24,6840.37,0.63,6841.00,0.00,
"-","-","North","Coffee Island HQ-27",2025-07-24,"TAKEAWAY",40.00,17,5133.62,206.62,0,10.00,0,0,0,0,10.00,4927.00,233.02,54.46,0,0,287.48,5224.48,0.52,5225.00,15.00,
"-","-","North","Coffee Island HQ-27",2025-07-24,"DINE IN",84.00,28,12213.11,446.81,0,0,0,0,0,0,0.00,11766.30,559.30,44.08,40.18,0,643.56,12409.86,1.14,12411.00,32.00,
"-","-","North","Coffee Island HQ-27",2025-07-25,"DELIVERY",102.00,25,11460.00,5022.99,0,0,0,0,0,220.00,220.00,6437.01,0,0,0,332.86,332.87,6989.88,0.12,6990.00,0.00,
"-","-","North","Coffee Island HQ-27",2025-07-25,"TAKEAWAY",108.00,24,15435.20,1774.43,0,0,0,0,0,0,0.00,13660.77,676.31,24.13,0,0,700.44,14361.21,1.79,14363.00,89.00,
"-","-","North","Coffee Island HQ-27",2025-07-25,"DINE IN",77.00,25,11238.97,2478.58,0,0,0,0,0,0,0.00,8760.39,432.98,18.15,0,0,451.13,9211.52,1.48,9213.00,24.00,
"-","-","North","Coffee Island HQ-27",2025-07-26,"DINE IN",101.00,33,14310.78,313.56,0,0,0,0,0,0,0.00,13997.22,693.36,23.34,0,0,716.70,14713.92,0.08,14714.00,38.00,
"-","-","North","Coffee Island HQ-27",2025-07-26,"DELIVERY",81.00,15,11995.85,5190.99,0,0,0,0,0,120.00,120.00,6804.86,0,18.15,0,341.20,359.35,7284.21,0.79,7285.00,0.00,
"-","-","North","Coffee Island HQ-27",2025-07-26,"TAKEAWAY",14.00,5,2335.87,328.70,0,0,0,0,0,0,0.00,2007.17,68.09,116.15,0,0,184.24,2191.41,-0.41,2191.00,7.00,
"-","-","North","Coffee Island HQ-27",2025-07-27,"DELIVERY",61.00,17,11562.50,3401.97,0,0,0,0,0,140.00,140.00,8160.53,0,0,0,415.03,415.03,8715.56,1.44,8717.00,0.00,
"-","-","North","Coffee Island HQ-27",2025-07-27,"DINE IN",50.00,18,8372.66,282.14,0,0,0,0,0,0,0.00,8090.52,397.31,25.93,0,0,423.24,8513.76,1.24,8515.00,15.00,
"-","-","North","Coffee Island HQ-27",2025-07-27,"TAKEAWAY",28.00,8,3666.68,103.62,0,5.00,0,0,0,0,5.00,3563.06,179.04,0,0,0,179.04,3747.10,-0.10,3747.00,9.00,
"-","-","North","Coffee Island HQ-27",2025-07-28,"DELIVERY",37.00,13,5130.79,1648.98,0,0,0,0,0,140.00,140.00,3481.81,0,18.15,0,176.05,194.20,3816.01,0.99,3817.00,0.00,
"-","-","North","Coffee Island HQ-27",2025-07-28,"TAKEAWAY",89.00,32,14456.69,1400.85,0,15.00,0,0,0,0,15.00,13055.84,650.93,16.34,0,0,667.27,13738.11,0.89,13739.00,40.00,
"-","-","North","Coffee Island HQ-27",2025-07-28,"DINE IN",85.00,27,11211.34,693.52,0,0,0,0,0,0,0.00,10517.82,510.83,36.25,11.96,0,559.04,11076.86,0.14,11077.00,29.00,
"-","-","North","Coffee Island HQ-27",2025-07-28,"ONLINE",2.00,1,590.00,25.00,0,5.00,0,30.00,5.00,0,40.00,565.00,35.45,0,0,0,35.45,640.45,-0.45,640.00,0.00,
"-","-","North","Coffee Island HQ-27",2025-07-29,"DELIVERY",51.00,13,6588.71,1809.74,0,0,0,0,0,160.00,160.00,4778.97,0,16.27,12.00,237.43,265.70,5204.67,1.33,5206.00,0.00,
"-","-","North","Coffee Island HQ-27",2025-07-29,"TAKEAWAY",161.00,19,31322.81,2882.55,0,5.00,0,0,0,0,5.00,28440.26,1370.92,121.35,43.87,0,1536.14,29981.40,1.60,29983.00,48.00,
"-","-","North","Coffee Island HQ-27",2025-07-29,"DINE IN",105.00,34,13588.97,367.24,0,0,0,0,0,0,0.00,13221.73,644.01,61.34,0,0,705.35,13927.08,1.92,13929.00,41.00,
"-","-","North","Coffee Island HQ-27",2025-07-30,"DELIVERY",62.00,16,7160.57,2630.99,0,0,0,0,0,160.00,160.00,4529.58,0,50.28,0,220.52,270.80,4960.38,0.62,4961.00,0.00,
"-","-","North","Coffee Island HQ-27",2025-07-30,"TAKEAWAY",68.00,23,8307.03,1032.70,0,5.00,0,0,0,0,5.00,7274.33,364.59,0,0,0,364.59,7643.92,2.08,7646.00,26.00,
"-","-","North","Coffee Island HQ-27",2025-07-30,"DINE IN",103.00,30,12337.85,618.48,0,0,0,0,0,0,0.00,11719.37,569.38,39.48,13.39,0,622.25,12341.62,0.38,12342.00,34.00,
"-","-","North","Coffee Island HQ-27",2025-07-30,"ONLINE",4.00,2,790.00,139.80,0,10.00,5.00,60.00,10.00,0,85.00,650.20,46.91,0,0,0,46.91,782.11,-0.11,782.00,0.00,
"-","-","North","Coffee Island HQ-27",2025-07-31,"DELIVERY",81.00,19,10343.28,3373.72,0,0,0,0,0,80.00,80.00,6969.56,0,67.58,0,333.73,401.32,7450.88,-0.88,7450.00,0.00,
"-","-","North","Coffee Island HQ-27",2025-07-31,"TAKEAWAY",63.00,22,8947.63,196.33,0,5.00,0,0,0,0,5.00,8751.30,385.34,191.13,0,0,576.47,9332.77,1.23,9334.00,22.00,
"-","-","North","Coffee Island HQ-27",2025-07-31,"DINE IN",131.00,34,19665.12,824.72,0,0,0,0,0,0,0.00,18840.40,912.12,34.49,48.75,0,995.36,19835.76,2.24,19838.00,32.00,
"-","-","North","Coffee Island AIPL",2025-07-01,"DINE IN",154.00,36,20470.54,66.17,0,0,0,0,0,0,0.00,20404.37,991.11,104.82,0,0,1095.94,21500.31,7.69,21508.00,37.00,
"-","-","North","Coffee Island AIPL",2025-07-01,"ONLINE",9.00,4,2156.27,146.00,10.00,0,0,0,0,0,10.00,2010.27,94.20,22.73,0,0.50,117.43,2137.70,0.30,2138.00,0.00,
"-","-","North","Coffee Island AIPL",2025-07-01,"TAKEAWAY",39.00,10,5244.65,0.00,0,0,0,0,0,0,0.00,5244.65,232.75,106.13,0,0,338.89,5583.54,2.46,5586.00,10.00,
"-","-","North","Coffee Island AIPL",2025-07-02,"DINE IN",66.00,23,9387.86,177.00,0,0,0,0,0,0,0.00,9210.86,441.84,47.25,13.39,0,502.48,9713.34,2.66,9716.00,23.00,
"-","-","North","Coffee Island AIPL",2025-07-02,"TAKEAWAY",39.00,9,5446.95,100.00,0,5.00,0,0,0,0,5.00,5346.95,247.40,75.05,0,0,322.46,5674.41,1.59,5676.00,9.00,
"-","-","North","Coffee Island AIPL",2025-07-02,"ONLINE",14.00,4,2936.61,27.00,10.00,0,0,0,0,0,10.00,2909.61,145.48,0,0,0.50,145.98,3065.59,0.41,3066.00,0.00,
"-","-","North","Coffee Island AIPL",2025-07-03,"ONLINE",9.00,5,1580.00,273.00,20.00,0,0,0,0,0,20.00,1307.00,65.36,0,0,1.00,66.36,1393.36,-0.36,1393.00,0.00,
"-","-","North","Coffee Island AIPL",2025-07-03,"DINE IN",131.00,37,19545.12,0.00,0,0,0,0,0,0,0.00,19545.12,916.18,47.25,115.07,0,1078.52,20623.64,8.36,20632.00,37.00,
"-","-","North","Coffee Island AIPL",2025-07-03,"TAKEAWAY",26.00,7,3105.00,0.00,0,0,0,0,0,0,0.00,3105.00,129.00,94.50,0,0,223.50,3328.50,2.50,3331.00,7.00,
"-","-","North","Coffee Island AIPL",2025-07-04,"DINE IN",34.00,13,4138.10,0.00,0,0,0,0,0,0,0.00,4138.10,206.91,0,0,0,206.91,4345.01,0.99,4346.00,11.00,
"-","-","North","Coffee Island AIPL",2025-07-04,"ONLINE",3.00,1,850.00,74.98,10.00,0,0,0,0,0,10.00,775.02,38.76,0,0,0.50,39.26,824.28,-0.28,824.00,0.00,
"-","-","North","Coffee Island AIPL",2025-07-04,"TAKEAWAY",1.00,1,290.00,0.00,0,5.00,0,0,0,0,5.00,290.00,15.40,0,0,0,15.40,310.40,-0.40,310.00,0.00,
"-","-","North","Coffee Island AIPL",2025-07-05,"TAKEAWAY",59.00,17,7657.22,623.00,0,20.00,0,0,0,0,20.00,7034.22,321.17,122.91,0,0,444.09,7498.31,2.69,7501.00,13.00,
"-","-","North","Coffee Island AIPL",2025-07-05,"ONLINE",12.00,5,2015.00,201.99,10.00,0,0,0,0,0,10.00,1813.01,90.65,0,0,0.50,91.16,1914.17,0.83,1915.00,0.00,
"-","-","North","Coffee Island AIPL",2025-07-05,"DINE IN",213.00,53,32912.77,0.00,0,0,0,0,0,0,0.00,32912.77,1615.45,55.67,35.36,0,1706.53,34619.30,9.70,34629.00,56.00,
"-","-","North","Coffee Island AIPL",2025-07-06,"DINE IN",209.00,46,28059.60,324.00,0,0,0,0,0,0,0.00,27735.60,1339.55,113.79,37.50,0,1490.88,29226.48,6.52,29233.00,53.00,
"-","-","North","Coffee Island AIPL",2025-07-06,"TAKEAWAY",64.00,15,9241.05,500.00,0,5.00,0,0,0,0,5.00,8741.05,337.96,359.99,0,0,697.95,9444.00,3.00,9447.00,18.00,
"-","-","North","Coffee Island AIPL",2025-07-06,"ONLINE",9.00,4,1846.30,174.99,10.00,0,0,0,0,0,10.00,1671.31,83.56,0,0,0.50,84.07,1765.38,-0.38,1765.00,0.00,
"-","-","North","Coffee Island AIPL",2025-07-07,"TAKEAWAY",26.00,10,3868.96,76.00,0,0,0,0,0,0,0.00,3792.96,163.25,95.04,0,0,258.29,4051.25,2.75,4054.00,10.00,
"-","-","North","Coffee Island AIPL",2025-07-07,"DINE IN",112.00,29,13249.35,2988.27,0,0,0,0,0,0,0.00,10261.08,475.66,30.36,69.54,0,575.56,10836.64,5.36,10842.00,31.00,
"-","-","North","Coffee Island AIPL",2025-07-07,"ONLINE",13.00,7,2543.72,442.99,20.00,0,0,0,0,0,20.00,2100.73,90.70,0,34.39,1.00,126.10,2246.83,0.17,2247.00,0.00,
"-","-","North","Coffee Island AIPL",2025-07-08,"ONLINE",17.00,6,3825.00,959.99,10.00,0,0,0,0,0,10.00,2865.01,143.26,0,0,0.50,143.77,3018.78,1.22,3020.00,0.00,
"-","-","North","Coffee Island AIPL",2025-07-08,"DINE IN",104.00,33,15573.97,742.77,0,0,0,0,0,0,0.00,14831.20,676.55,213.95,13.39,0,903.89,15735.09,6.91,15742.00,37.00,
"-","-","North","Coffee Island AIPL",2025-07-08,"TAKEAWAY",24.00,8,2567.50,430.00,0,5.00,0,0,0,0,5.00,2137.50,100.87,24.87,0,0,125.74,2268.24,2.76,2271.00,9.00,
"-","-","North","Coffee Island AIPL",2025-07-09,"DINE IN",59.00,22,7648.47,0.00,0,0,0,0,0,0,0.00,7648.47,372.00,37.52,0,0,409.52,8057.99,5.01,8063.00,23.00,
"-","-","North","Coffee Island AIPL",2025-07-09,"ONLINE",13.00,5,3022.50,819.99,20.00,0,0,0,0,0,20.00,2202.51,110.12,0,0,1.00,111.12,2333.63,0.37,2334.00,0.00,
"-","-","North","Coffee Island AIPL",2025-07-09,"TAKEAWAY",20.00,6,3106.02,0.00,0,0,0,0,0,0,0.00,3106.02,134.75,73.98,0,0,208.74,3314.76,2.24,3317.00,6.00,
"-","-","North","Coffee Island AIPL",2025-07-10,"DINE IN",107.00,28,14185.62,1070.09,0,0,0,0,0,0,0.00,13115.53,616.69,16.34,82.93,0,715.98,13831.51,3.49,13835.00,36.00,
"-","-","North","Coffee Island AIPL",2025-07-10,"TAKEAWAY",48.00,14,7275.46,100.00,0,5.00,0,0,0,0,5.00,7175.46,327.32,96.40,13.39,0,437.11,7617.57,5.43,7623.00,15.00,
"-","-","North","Coffee Island AIPL",2025-07-10,"ONLINE",11.00,5,1977.50,386.25,10.00,0,0,0,0,0,10.00,1591.25,79.56,0,0,0.50,80.07,1681.32,0.68,1682.00,0.00,
"-","-","North","Coffee Island AIPL",2025-07-11,"ONLINE",17.00,6,3767.50,946.25,0,0,0,0,0,0,0.00,2821.25,141.06,0,0,0,141.07,2962.32,0.68,2963.00,0.00,
"-","-","North","Coffee Island AIPL",2025-07-11,"DINE IN",237.00,36,28467.76,10852.50,0,0,0,0,0,0,0.00,17615.26,852.25,54.45,32.14,0,938.88,18554.14,5.86,18560.00,46.00,
"-","-","North","Coffee Island AIPL",2025-07-11,"TAKEAWAY",10.00,5,1290.00,270.00,0,0.00,0,0,0,0,0.00,1020.00,51.00,0,0,0,51.00,1071.00,2.00,1073.00,5.00,
"-","-","North","Coffee Island AIPL",2025-07-12,"DINE IN",221.00,53,33660.91,2354.50,0,0,0,0,0,0,0.00,31306.41,1477.74,267.10,32.14,0,1777.01,33083.42,8.58,33092.00,56.00,
"-","-","North","Coffee Island AIPL",2025-07-12,"ONLINE",16.00,4,2527.50,799.99,10.00,5.00,0,0,5.00,0,20.00,1727.51,88.16,0,0,0.50,88.66,1836.17,0.83,1837.00,0.00,
"-","-","North","Coffee Island AIPL",2025-07-12,"TAKEAWAY",79.00,22,11829.72,160.50,0,5.00,0,0,0,0,5.00,11669.22,573.94,37.52,0,0,611.47,12285.69,6.31,12292.00,26.00,
"-","-","North","Coffee Island AIPL",2025-07-13,"DINE IN",271.00,63,38885.81,825.75,0,0,0,0,0,0,0.00,38060.06,1819.85,234.26,43.40,0,2097.56,40157.62,11.38,40169.00,71.00,
"-","-","North","Coffee Island AIPL",2025-07-13,"TAKEAWAY",26.00,7,3162.50,268.00,0,0,0,0,0,0,0.00,2894.50,144.72,0,0,0,144.73,3039.23,1.77,3041.00,7.00,
"-","-","North","Coffee Island AIPL",2025-07-13,"ONLINE",13.00,7,2732.50,906.25,30.00,0,0,0,0,0,30.00,1826.25,91.31,0,0,1.50,92.82,1949.07,-0.07,1949.00,0.00,
"-","-","North","Coffee Island AIPL",2025-07-14,"DINE IN",70.00,22,10029.30,2403.08,0,0,0,0,0,0,0.00,7626.22,351.26,108.17,0,0,459.43,8085.65,3.35,8089.00,24.00,
"-","-","North","Coffee Island AIPL",2025-07-14,"ONLINE",14.00,6,2607.50,1295.75,10.00,0,0,0,0,0,10.00,1311.75,65.59,0,0,0.50,66.10,1387.85,-0.85,1387.00,0.00,
"-","-","North","Coffee Island AIPL",2025-07-14,"TAKEAWAY",12.00,4,1482.50,0.00,0,5.00,0,0,0,0,5.00,1482.50,75.03,0,0,0,75.03,1562.53,0.47,1563.00,7.00,
"-","-","North","Coffee Island AIPL",2025-07-15,"ONLINE",18.00,9,4366.61,1775.25,10.00,0,0,0,0,0,10.00,2591.36,125.86,0,8.91,0.50,135.27,2736.63,1.37,2738.00,0.00,
"-","-","North","Coffee Island AIPL",2025-07-15,"DINE IN",98.00,26,12623.17,352.00,0,0,0,0,0,0,0.00,12271.17,567.58,165.51,0,0,733.10,13004.27,3.73,13008.00,33.00,
"-","-","North","Coffee Island AIPL",2025-07-15,"TAKEAWAY",22.00,7,2685.00,0.00,0,0,0,0,0,0,0.00,2685.00,134.25,0,0,0,134.26,2819.26,2.74,2822.00,7.00,
"-","-","North","Coffee Island AIPL",2025-07-16,"ONLINE",17.00,8,4412.50,1347.25,10.00,0,0,0,0,0,10.00,3065.25,153.27,0,0,0.50,153.77,3229.02,0.98,3230.00,0.00,
"-","-","North","Coffee Island AIPL",2025-07-16,"DINE IN",123.00,33,19859.70,2506.00,0,0,0,0,0,0,0.00,17353.70,795.47,51.40,139.08,0,985.96,18339.66,5.34,18345.00,32.00,
"-","-","North","Coffee Island AIPL",2025-07-16,"TAKEAWAY",47.00,11,5077.40,100.00,0,0,0,0,0,0,0.00,4977.40,248.87,0,0,0,248.87,5226.27,2.73,5229.00,12.00,
"-","-","North","Coffee Island AIPL",2025-07-17,"DELIVERY",8.00,4,1410.00,365.00,10.00,0,0,0,0,0,10.00,1045.00,0,0,0,52.75,52.75,1107.75,0.25,1108.00,0.00,
"-","-","North","Coffee Island AIPL",2025-07-17,"DINE IN",95.00,27,11180.00,97.24,0,0,0,0,0,0,0.00,11082.76,554.15,0,0,0,554.16,11636.92,3.08,11640.00,30.00,
"-","-","North","Coffee Island AIPL",2025-07-17,"TAKEAWAY",28.00,8,4022.03,284.00,0,5.00,0,0,0,0,5.00,3738.03,163.45,67.58,13.39,0,244.42,3987.45,0.55,3988.00,9.00,
"-","-","North","Coffee Island AIPL",2025-07-18,"DINE IN",119.00,25,16715.24,158.00,0,0,0,0,0,0,0.00,16557.24,805.95,54.00,16.61,0,876.57,17433.81,5.19,17439.00,43.00,
"-","-","North","Coffee Island AIPL",2025-07-18,"TAKEAWAY",28.00,13,4552.13,254.00,0,10.00,0,0,0,0,10.00,4298.13,175.10,129.05,13.82,0,317.97,4626.10,3.90,4630.00,11.00,
"-","-","North","Coffee Island AIPL",2025-07-18,"DELIVERY",23.00,7,3422.50,1043.25,20.00,0,0,0,0,0,20.00,2379.25,0,0,0,119.97,119.97,2519.22,1.78,2521.00,0.00,
"-","-","North","Coffee Island AIPL",2025-07-19,"DELIVERY",32.00,10,5901.95,1881.50,30.00,0,0,0,0,0,30.00,4020.45,0,66.05,0,184.17,250.22,4300.67,1.33,4302.00,0.00,
"-","-","North","Coffee Island AIPL",2025-07-19,"DINE IN",145.00,41,22487.63,472.73,0,0,0,0,0,0,0.00,22014.90,1017.57,175.85,82.42,0,1275.86,23290.76,9.24,23300.00,42.00,
"-","-","North","Coffee Island AIPL",2025-07-19,"TAKEAWAY",73.00,18,9846.40,715.32,0,15.00,0,0,0,0,15.00,9131.08,437.92,60.71,10.71,0,509.35,9655.43,2.57,9658.00,16.00,
"-","-","North","Coffee Island AIPL",2025-07-20,"DINE IN",226.00,53,36886.83,631.50,0,0,0,0,0,0,0.00,36255.33,1761.17,81.46,69.54,0,1912.20,38167.53,9.47,38177.00,72.00,
"-","-","North","Coffee Island AIPL",2025-07-20,"DELIVERY",20.00,9,4875.00,961.24,30.00,0,0,0,0,0,30.00,3913.76,0,0,0,197.19,197.19,4140.95,2.05,4143.00,0.00,
"-","-","North","Coffee Island AIPL",2025-07-20,"TAKEAWAY",74.00,24,11043.11,362.00,0,10.00,0,0,0,0,10.00,10681.11,499.33,131.46,0,0,630.81,11321.92,5.08,11327.00,28.00,
"-","-","North","Coffee Island AIPL",2025-07-21,"TAKEAWAY",25.00,8,3459.00,238.00,0,10.00,0,0,0,0,10.00,3221.00,158.72,14.88,0.00,0,173.60,3404.60,2.40,3407.00,5.00,
"-","-","North","Coffee Island AIPL",2025-07-21,"DINE IN",100.00,23,12032.64,324.00,0,0,0,0,0,0,0.00,11708.64,571.01,51.87,0,0,622.90,12331.54,1.46,12333.00,28.00,
"-","-","North","Coffee Island AIPL",2025-07-21,"DELIVERY",14.00,5,2733.75,1124.88,10.00,0,0,0,0,0,10.00,1608.88,0,0,0,80.95,80.96,1699.84,0.16,1700.00,0.00,
"-","-","North","Coffee Island AIPL",2025-07-22,"DINE IN",89.00,23,11614.24,62.00,0,0,0,0,0,0,0.00,11552.24,530.66,169.01,0,0,699.69,12251.93,4.07,12256.00,32.00,
"-","-","North","Coffee Island AIPL",2025-07-22,"DELIVERY",23.00,12,5274.11,1606.24,40.00,0,0,0,0,0,40.00,3667.87,0,0,8.26,181.96,190.22,3898.09,0.91,3899.00,0.00,
"-","-","North","Coffee Island AIPL",2025-07-22,"TAKEAWAY",9.00,4,1355.26,270.00,0,5.00,0,0,0,0,5.00,1085.26,44.40,38.74,0,0,83.14,1173.40,-0.40,1173.00,4.00,
"-","-","North","Coffee Island AIPL",2025-07-23,"DINE IN",158.00,51,24619.41,701.83,0,0,0,0,0,0,0.00,23917.58,1164.69,91.58,13.82,0,1270.11,25187.69,6.31,25194.00,55.00,
"-","-","North","Coffee Island AIPL",2025-07-23,"DELIVERY",13.00,7,2990.00,1183.00,20.00,0,0,0,0,0,20.00,1807.00,0,0,0,91.35,91.35,1918.35,-0.35,1918.00,0.00,
"-","-","North","Coffee Island AIPL",2025-07-23,"TAKEAWAY",31.00,8,5158.10,270.00,0,5.00,0,0,0,0,5.00,4888.10,245.31,0,0,0,245.31,5138.41,1.59,5140.00,6.00,
"-","-","North","Coffee Island AIPL",2025-07-24,"DINE IN",97.00,33,13904.47,347.00,0,0,0,0,0,0,0.00,13557.47,639.66,109.45,18.75,0,767.87,14325.34,4.66,14330.00,40.00,
"-","-","North","Coffee Island AIPL",2025-07-24,"DELIVERY",15.00,7,2900.65,1048.44,10.00,0,0,0,0,0,10.00,1852.21,0,0,0,93.12,93.12,1955.33,-0.33,1955.00,0.00,
"-","-","North","Coffee Island AIPL",2025-07-24,"TAKEAWAY",33.00,10,4570.35,270.00,0,0,0,0,0,0,0.00,4300.35,191.50,84.65,0,0,276.17,4576.52,2.48,4579.00,11.00,
"-","-","North","Coffee Island AIPL",2025-07-25,"DELIVERY",30.00,12,6194.40,1903.24,30.00,0,0,0,0,0,30.00,4291.16,0,0,0,216.06,216.07,4537.23,-0.23,4537.00,0.00,
"-","-","North","Coffee Island AIPL",2025-07-25,"DINE IN",141.00,39,18600.03,158.00,0,0,0,0,0,0,0.00,18442.03,887.24,105.41,13.39,0,1006.06,19448.09,4.91,19453.00,40.00,
"-","-","North","Coffee Island AIPL",2025-07-25,"TAKEAWAY",10.00,3,1327.50,0.00,0,0,0,0,0,0,0.00,1327.50,66.38,0,0,0,66.38,1393.88,0.12,1394.00,4.00,
"-","-","North","Coffee Island AIPL",2025-07-26,"DINE IN",196.00,58,27677.89,185.68,0,0,0,0,0,0,0.00,27492.21,1354.96,25.93,29.90,0,1410.81,28903.02,16.98,28920.00,62.00,
"-","-","North","Coffee Island AIPL",2025-07-26,"DELIVERY",17.00,7,3680.17,1151.00,20.00,0,0,0,0,0,20.00,2529.17,0,100.83,0,99.45,200.28,2749.45,1.55,2751.00,0.00,
"-","-","North","Coffee Island AIPL",2025-07-26,"TAKEAWAY",27.00,11,4173.48,394.00,0,10.00,0,0,0,0,10.00,3779.48,190.43,1.26,0,0,191.69,3981.17,0.83,3982.00,8.00,
"-","-","North","Coffee Island AIPL",2025-07-27,"DINE IN",213.00,45,30389.40,62.00,0,0,0,0,0,0,0.00,30327.40,1477.33,27.46,75.43,0,1580.24,31907.64,7.36,31915.00,45.00,
"-","-","North","Coffee Island AIPL",2025-07-27,"TAKEAWAY",91.00,24,13668.28,350.00,0,5.00,0,0,0,0,5.00,13318.28,659.90,0,16.61,0,676.53,13999.81,6.19,14006.00,23.00,
"-","-","North","Coffee Island AIPL",2025-07-27,"DELIVERY",22.00,8,4750.00,1559.74,10.00,0,0,0,0,0,10.00,3190.26,0,0,0,160.02,160.03,3360.29,0.71,3361.00,0.00,
"-","-","North","Coffee Island AIPL",2025-07-28,"TAKEAWAY",15.00,5,2588.39,100.00,0,0,0,0,0,0,0.00,2488.39,86.75,135.61,0,0,222.36,2710.75,1.25,2712.00,5.00,
"-","-","North","Coffee Island AIPL",2025-07-28,"DELIVERY",26.00,9,4452.50,1780.25,10.00,0,0,0,0,0,10.00,2672.25,0,0,0,134.11,134.12,2816.37,0.63,2817.00,0.00,
"-","-","North","Coffee Island AIPL",2025-07-28,"DINE IN",62.00,22,7098.55,403.00,0,0,0,0,0,0,0.00,6695.55,320.53,23.16,18.75,0,362.46,7058.01,3.99,7062.00,24.00,
"-","-","North","Coffee Island AIPL",2025-07-29,"DELIVERY",11.00,5,2138.75,394.99,20.00,0,0,0,0,0,20.00,1743.76,0,0,0,88.19,88.19,1851.95,0.05,1852.00,0.00,
"-","-","North","Coffee Island AIPL",2025-07-29,"DINE IN",85.00,31,12227.70,95.05,0,0,0,0,0,0,0.00,12132.65,577.66,0,69.54,0,647.20,12779.85,3.15,12783.00,35.00,
"-","-","North","Coffee Island AIPL",2025-07-29,"TAKEAWAY",3.00,2,785.24,95.05,0,0,0,0,0,0,0.00,690.19,34.51,0,0,0,34.51,724.70,0.30,725.00,2.00,
"-","-","North","Coffee Island AIPL",2025-07-30,"DINE IN",89.00,28,10287.44,0.00,0,0,0,0,0,0,0.00,10287.44,514.37,0,0,0,514.38,10801.82,6.18,10808.00,27.00,
"-","-","North","Coffee Island AIPL",2025-07-30,"DELIVERY",17.00,5,2680.00,616.25,0,0,0,0,0,0,0.00,2063.75,0,0,0,103.20,103.20,2166.95,1.05,2168.00,0.00,
"-","-","North","Coffee Island AIPL",2025-07-30,"TAKEAWAY",24.00,8,4002.14,0.00,0,0,0,0,0,0,0.00,4002.14,185.38,0,35.36,0,220.74,4222.88,1.12,4224.00,8.00,
"-","-","North","Coffee Island AIPL",2025-07-31,"DELIVERY",10.00,4,2170.00,290.00,10.00,0,0,0,0,0,10.00,1880.00,0,0,0,94.50,94.50,1984.50,0.50,1985.00,0.00,
"-","-","North","Coffee Island AIPL",2025-07-31,"DINE IN",99.00,34,13146.11,176.00,0,0,0,0,0,0,0.00,12970.11,633.68,53.39,0,0,687.09,13657.20,6.80,13664.00,37.00,
"-","-","North","Coffee Island AIPL",2025-07-31,"TAKEAWAY",8.00,1,565.00,113.00,0,0,0,0,0,0,0.00,452.00,22.60,0,0,0,22.60,474.60,0.40,475.00,1.00,

