Outlet Name,Date,Hour,Tab,Sale,Discount,Net Sale,Total Charges,Total Tax,Gross Sale,NOB,
"MSFT Hyd",2025-09-01,7,"TAKEAWAY",171.43,0.00,171.43,0.00,8.57,180.00,1,
"MSFT Hyd",2025-09-01,8,"TAKEAWAY",361.90,0.00,361.90,0.00,18.10,380.00,2,
"MSFT Hyd",2025-09-01,9,"TAKEAWAY",936.18,0.00,936.18,0.00,46.82,983.00,5,
"MSFT Hyd",2025-09-01,10,"TAKEAWAY",849.99,0.00,849.99,0.00,42.51,892.50,5,
"MSFT Hyd",2025-09-01,11,"TAKEAWAY",1986.75,0.00,1986.75,0.00,99.35,2086.10,12,
"MSFT Hyd",2025-09-01,12,"TAKEAWAY",1139.96,0.00,1139.96,0.00,56.99,1196.95,7,
"MSFT Hyd",2025-09-01,13,"DINE IN",0.00,0.00,0.00,0.00,0.00,0.00,1,
"MSFT Hyd",2025-09-01,13,"TAKEAWAY",2025.70,0.00,2025.70,0.00,101.30,2127.00,11,
"MSFT Hyd",2025-09-01,14,"TAKEAWAY",3206.23,0.00,3206.23,0.00,160.31,3366.54,18,
"MSFT Hyd",2025-09-01,15,"TAKEAWAY",2923.93,0.00,2923.93,0.00,146.21,3070.14,16,
"MSFT Hyd",2025-09-01,16,"TAKEAWAY",5566.74,0.00,5566.74,0.00,278.36,5845.10,32,
"MSFT Hyd",2025-09-01,17,"TAKEAWAY",6276.47,0.00,6276.47,0.00,313.80,6590.27,38,
"MSFT Hyd",2025-09-01,18,"TAKEAWAY",321.28,0.00,321.28,0.00,16.07,337.35,2,
"MSFT Hyd",2025-09-01,19,"DINE IN",0.00,0.00,0.00,0.00,0.00,0.00,2,
"MSFT Hyd",2025-09-02,7,"TAKEAWAY",152.38,0.00,152.38,0.00,7.62,160.00,1,
"MSFT Hyd",2025-09-02,8,"TAKEAWAY",342.86,0.00,342.86,0.00,17.14,360.00,2,
"MSFT Hyd",2025-09-02,9,"TAKEAWAY",1820.24,0.00,1820.24,0.00,91.01,1911.25,10,
"MSFT Hyd",2025-09-02,10,"TAKEAWAY",1229.23,0.00,1229.23,0.00,61.47,1290.70,7,
"MSFT Hyd",2025-09-02,11,"DINE IN",0.00,0.00,0.00,0.00,0.00,0.00,1,
"MSFT Hyd",2025-09-02,11,"TAKEAWAY",1462.00,0.00,1462.00,0.00,73.10,1535.10,8,
"MSFT Hyd",2025-09-02,12,"TAKEAWAY",1018.77,0.00,1018.77,0.00,50.93,1069.70,7,
"MSFT Hyd",2025-09-02,13,"TAKEAWAY",3502.28,0.00,3502.28,0.00,175.12,3677.40,18,
"MSFT Hyd",2025-09-02,14,"TAKEAWAY",3048.88,0.00,3048.88,0.00,152.46,3201.34,16,
"MSFT Hyd",2025-09-02,15,"TAKEAWAY",3239.27,0.00,3239.27,0.00,161.98,3401.25,19,
"MSFT Hyd",2025-09-02,16,"TAKEAWAY",5714.37,0.00,5714.37,0.00,285.76,6000.13,33,
"MSFT Hyd",2025-09-02,17,"TAKEAWAY",3491.10,0.00,3491.10,0.00,174.56,3665.66,21,
"MSFT Hyd",2025-09-02,17,"DINE IN",0.00,0.00,0.00,0.00,0.00,0.00,1,
"MSFT Hyd",2025-09-02,18,"DINE IN",0.00,0.00,0.00,0.00,0.00,0.00,2,
"MSFT Hyd",2025-09-03,8,"TAKEAWAY",352.38,0.00,352.38,0.00,17.62,370.00,2,
"MSFT Hyd",2025-09-03,9,"TAKEAWAY",792.86,0.00,792.86,0.00,39.64,832.50,5,
"MSFT Hyd",2025-09-03,10,"TAKEAWAY",1801.18,0.00,1801.18,0.00,90.07,1891.25,10,
"MSFT Hyd",2025-09-03,11,"TAKEAWAY",929.37,0.00,929.37,0.00,46.47,975.84,5,
"MSFT Hyd",2025-09-03,12,"TAKEAWAY",592.85,0.00,592.85,0.00,29.65,622.50,3,
"MSFT Hyd",2025-09-03,13,"TAKEAWAY",3607.31,0.00,3607.31,0.00,180.38,3787.69,19,
"MSFT Hyd",2025-09-03,14,"TAKEAWAY",5097.23,0.00,5097.23,0.00,254.86,5352.09,26,
"MSFT Hyd",2025-09-03,14,"DINE IN",0.00,0.00,0.00,0.00,0.00,0.00,1,
"MSFT Hyd",2025-09-03,15,"TAKEAWAY",3168.94,0.00,3168.94,0.00,158.45,3327.39,17,
"MSFT Hyd",2025-09-03,16,"TAKEAWAY",4715.00,0.00,4715.00,0.00,235.78,4950.78,27,
"MSFT Hyd",2025-09-03,17,"TAKEAWAY",7349.09,0.00,7349.09,0.00,367.45,7716.54,41,
"MSFT Hyd",2025-09-03,18,"TAKEAWAY",142.86,0.00,142.86,0.00,7.14,150.00,1,
"MSFT Hyd",2025-09-03,18,"DINE IN",0.00,0.00,0.00,0.00,0.00,0.00,5,
"MSFT Hyd",2025-09-04,7,"TAKEAWAY",152.38,0.00,152.38,0.00,7.62,160.00,1,
"MSFT Hyd",2025-09-04,8,"TAKEAWAY",352.38,0.00,352.38,0.00,17.62,370.00,2,
"MSFT Hyd",2025-09-04,9,"TAKEAWAY",1125.01,0.00,1125.01,0.00,56.24,1181.25,7,
"MSFT Hyd",2025-09-04,10,"TAKEAWAY",1357.93,0.00,1357.93,0.00,67.91,1425.84,7,
"MSFT Hyd",2025-09-04,11,"DINE IN",0.00,0.00,0.00,0.00,0.00,0.00,1,
"MSFT Hyd",2025-09-04,11,"TAKEAWAY",1244.58,0.00,1244.58,0.00,62.22,1306.80,8,
"MSFT Hyd",2025-09-04,12,"TAKEAWAY",2067.50,0.00,2067.50,0.00,103.38,2170.88,11,
"MSFT Hyd",2025-09-04,12,"DINE IN",0.00,0.00,0.00,0.00,0.00,0.00,1,
"MSFT Hyd",2025-09-04,13,"TAKEAWAY",2642.69,0.00,2642.69,0.00,132.15,2774.84,15,
"MSFT Hyd",2025-09-04,14,"TAKEAWAY",2998.37,0.00,2998.37,0.00,149.92,3148.29,17,
"MSFT Hyd",2025-09-04,15,"TAKEAWAY",7684.81,0.00,7684.81,0.00,384.26,8069.07,27,
"MSFT Hyd",2025-09-04,16,"TAKEAWAY",7178.34,0.00,7178.34,0.00,348.47,7526.81,44,
"MSFT Hyd",2025-09-04,17,"TAKEAWAY",9142.80,0.00,9142.80,0.00,457.16,9599.96,41,
"MSFT Hyd",2025-09-04,17,"DINE IN",0.00,0.00,0.00,0.00,0.00,0.00,2,
"MSFT Hyd",2025-09-04,18,"TAKEAWAY",1063.51,0.00,1063.51,0.00,53.18,1116.69,4,
"MSFT Hyd",2025-09-04,18,"DINE IN",0.00,0.00,0.00,0.00,0.00,0.00,2,
"MSFT Hyd",2025-09-05,7,"TAKEAWAY",152.38,0.00,152.38,0.00,7.62,160.00,1,
"MSFT Hyd",2025-09-05,9,"TAKEAWAY",1981.65,0.00,1981.65,0.00,99.07,2080.72,9,
"MSFT Hyd",2025-09-05,10,"TAKEAWAY",1875.67,0.00,1875.67,0.00,93.78,1969.45,10,
"MSFT Hyd",2025-09-05,11,"TAKEAWAY",1116.66,0.00,1116.66,0.00,55.84,1172.50,6,
"MSFT Hyd",2025-09-05,12,"TAKEAWAY",2680.51,0.00,2680.51,0.00,123.54,2804.05,14,
"MSFT Hyd",2025-09-05,13,"TAKEAWAY",6408.30,0.00,6408.30,0.00,320.43,6728.73,37,
"MSFT Hyd",2025-09-05,14,"TAKEAWAY",6669.88,0.00,6669.88,0.00,333.50,7003.38,36,
"MSFT Hyd",2025-09-05,15,"TAKEAWAY",4020.65,0.00,4020.65,0.00,201.05,4221.70,22,
"MSFT Hyd",2025-09-05,15,"DINE IN",0.00,0.00,0.00,0.00,0.00,0.00,1,
"MSFT Hyd",2025-09-05,16,"TAKEAWAY",7508.72,0.00,7508.72,0.00,375.48,7884.20,41,
"MSFT Hyd",2025-09-05,17,"TAKEAWAY",9108.57,0.00,9108.57,0.00,455.45,9564.02,50,
"MSFT Hyd",2025-09-05,18,"DINE IN",0.00,0.00,0.00,0.00,0.00,0.00,4,
"MSFT Hyd",2025-09-08,7,"TAKEAWAY",209.52,0.00,209.52,0.00,10.48,220.00,1,
"MSFT Hyd",2025-09-08,8,"TAKEAWAY",142.86,0.00,142.86,0.00,7.14,150.00,1,
"MSFT Hyd",2025-09-08,9,"TAKEAWAY",726.19,0.00,726.19,0.00,36.31,762.50,4,
"MSFT Hyd",2025-09-08,10,"TAKEAWAY",1025.41,0.00,1025.41,0.00,51.27,1076.68,5,
"MSFT Hyd",2025-09-08,11,"TAKEAWAY",1573.78,0.00,1573.78,0.00,78.72,1652.50,9,
"MSFT Hyd",2025-09-08,12,"TAKEAWAY",781.22,0.00,781.22,0.00,39.06,820.28,4,
"MSFT Hyd",2025-09-08,13,"TAKEAWAY",1857.12,0.00,1857.12,0.00,92.88,1950.00,10,
"MSFT Hyd",2025-09-08,14,"TAKEAWAY",2170.61,0.00,2170.61,0.00,108.53,2279.14,13,
"MSFT Hyd",2025-09-08,15,"TAKEAWAY",3519.84,0.00,3519.84,0.00,175.99,3695.83,20,
"MSFT Hyd",2025-09-08,16,"TAKEAWAY",5859.86,0.00,5859.86,0.00,293.04,6152.90,35,
"MSFT Hyd",2025-09-08,17,"TAKEAWAY",6970.88,0.00,6970.88,0.00,348.57,7319.45,40,
"MSFT Hyd",2025-09-08,18,"TAKEAWAY",612.71,0.00,612.71,0.00,30.63,643.34,3,
"MSFT Hyd",2025-09-08,19,"DINE IN",0.00,0.00,0.00,0.00,0.00,0.00,3,
"MSFT Hyd",2025-09-09,7,"TAKEAWAY",142.86,0.00,142.86,0.00,7.14,150.00,1,
"MSFT Hyd",2025-09-09,8,"TAKEAWAY",152.38,0.00,152.38,0.00,7.62,160.00,1,
"MSFT Hyd",2025-09-09,9,"TAKEAWAY",2376.18,0.00,2376.18,0.00,118.82,2495.00,14,
"MSFT Hyd",2025-09-09,10,"TAKEAWAY",1257.14,0.00,1257.14,0.00,62.86,1320.00,7,
"MSFT Hyd",2025-09-09,11,"TAKEAWAY",989.96,0.00,989.96,0.00,49.49,1039.45,6,
"MSFT Hyd",2025-09-09,11,"DINE IN",0.00,0.00,0.00,0.00,0.00,0.00,1,
"MSFT Hyd",2025-09-09,12,"TAKEAWAY",1209.24,0.00,1209.24,0.00,60.46,1269.70,8,
"MSFT Hyd",2025-09-09,12,"DINE IN",0.00,0.00,0.00,0.00,0.00,0.00,1,
"MSFT Hyd",2025-09-09,13,"TAKEAWAY",4687.56,0.00,4687.56,0.00,234.40,4921.96,24,
"MSFT Hyd",2025-09-09,14,"TAKEAWAY",5254.10,0.00,5254.10,0.00,262.71,5516.81,29,
"MSFT Hyd",2025-09-09,15,"TAKEAWAY",5765.56,0.00,5765.56,0.00,288.28,6053.84,33,
"MSFT Hyd",2025-09-09,16,"TAKEAWAY",6373.70,0.00,6373.70,0.00,318.73,6692.43,36,
"MSFT Hyd",2025-09-09,17,"TAKEAWAY",6759.66,0.00,6759.66,0.00,327.54,7087.20,39,
"MSFT Hyd",2025-09-09,18,"TAKEAWAY",374.61,0.00,374.61,0.00,18.73,393.34,2,
"MSFT Hyd",2025-09-09,18,"DINE IN",0.00,0.00,0.00,0.00,0.00,0.00,3,
"MSFT Hyd",2025-09-10,7,"TAKEAWAY",152.38,0.00,152.38,0.00,7.62,160.00,1,
"MSFT Hyd",2025-09-10,8,"TAKEAWAY",809.52,0.00,809.52,0.00,40.48,850.00,5,
"MSFT Hyd",2025-09-10,9,"TAKEAWAY",1503.80,0.00,1503.80,0.00,75.20,1579.00,10,
"MSFT Hyd",2025-09-10,10,"TAKEAWAY",2189.94,0.00,2189.94,0.00,109.51,2299.45,13,
"MSFT Hyd",2025-09-10,11,"TAKEAWAY",1546.95,0.00,1546.95,0.00,77.35,1624.30,10,
"MSFT Hyd",2025-09-10,12,"TAKEAWAY",1038.08,0.00,1038.08,0.00,51.92,1090.00,6,
"MSFT Hyd",2025-09-10,12,"DINE IN",0.00,0.00,0.00,0.00,0.00,0.00,1,
"MSFT Hyd",2025-09-10,13,"TAKEAWAY",4493.44,0.00,4493.44,0.00,224.65,4718.09,27,
"MSFT Hyd",2025-09-10,14,"TAKEAWAY",3229.06,0.00,3229.06,0.00,161.49,3390.55,19,
"MSFT Hyd",2025-09-10,15,"TAKEAWAY",3711.24,0.00,3711.24,0.00,185.54,3896.78,22,
"MSFT Hyd",2025-09-10,16,"TAKEAWAY",6429.30,0.00,6429.30,0.00,321.49,6750.79,37,
"MSFT Hyd",2025-09-10,17,"TAKEAWAY",8206.43,0.00,8206.43,0.00,410.38,8616.81,46,
"MSFT Hyd",2025-09-10,17,"DINE IN",0.00,0.00,0.00,0.00,0.00,0.00,3,
"MSFT Hyd",2025-09-10,18,"TAKEAWAY",722.78,0.00,722.78,0.00,36.14,758.92,4,
"MSFT Hyd",2025-09-11,7,"TAKEAWAY",209.52,0.00,209.52,0.00,10.48,220.00,1,
"MSFT Hyd",2025-09-11,8,"TAKEAWAY",495.24,0.00,495.24,0.00,24.76,520.00,3,
"MSFT Hyd",2025-09-11,9,"TAKEAWAY",1705.44,0.00,1705.44,0.00,85.26,1790.70,10,
"MSFT Hyd",2025-09-11,10,"TAKEAWAY",1638.76,0.00,1638.76,0.00,81.94,1720.70,10,
"MSFT Hyd",2025-09-11,11,"TAKEAWAY",984.13,0.00,984.13,0.00,49.21,1033.34,5,
"MSFT Hyd",2025-09-11,12,"TAKEAWAY",1561.93,0.00,1561.93,0.00,78.09,1640.02,7,
"MSFT Hyd",2025-09-11,12,"DINE IN",0.00,0.00,0.00,0.00,0.00,0.00,1,
"MSFT Hyd",2025-09-11,13,"TAKEAWAY",4255.62,0.00,4255.62,0.00,212.82,4468.44,25,
"MSFT Hyd",2025-09-11,14,"TAKEAWAY",3170.25,0.00,3170.25,0.00,158.52,3328.77,17,
"MSFT Hyd",2025-09-11,15,"TAKEAWAY",2693.35,0.00,2693.35,0.00,134.70,2828.05,14,
"MSFT Hyd",2025-09-11,16,"TAKEAWAY",5073.22,0.00,5073.22,0.00,253.68,5326.90,32,
"MSFT Hyd",2025-09-11,16,"DINE IN",0.00,0.00,0.00,0.00,0.00,0.00,1,
"MSFT Hyd",2025-09-11,17,"TAKEAWAY",10164.91,0.00,10164.91,0.00,508.33,10673.24,58,
"MSFT Hyd",2025-09-11,18,"TAKEAWAY",180.95,0.00,180.95,0.00,9.05,190.00,1,
"MSFT Hyd",2025-09-11,18,"DINE IN",0.00,0.00,0.00,0.00,0.00,0.00,3,
"MSFT Hyd",2025-09-11,19,"DINE IN",0.00,0.00,0.00,0.00,0.00,0.00,1,
"MSFT Hyd",2025-09-12,7,"TAKEAWAY",171.43,0.00,171.43,0.00,8.57,180.00,1,
"MSFT Hyd",2025-09-12,8,"TAKEAWAY",171.43,0.00,171.43,0.00,8.57,180.00,1,
"MSFT Hyd",2025-09-12,9,"TAKEAWAY",2839.57,0.00,2839.57,0.00,141.97,2981.54,17,
"MSFT Hyd",2025-09-12,10,"TAKEAWAY",1004.06,0.00,1004.06,0.00,50.19,1054.25,7,
"MSFT Hyd",2025-09-12,11,"TAKEAWAY",1040.47,0.00,1040.47,0.00,52.03,1092.50,6,
"MSFT Hyd",2025-09-12,12,"TAKEAWAY",1641.53,0.00,1641.53,0.00,82.05,1723.58,10,
"MSFT Hyd",2025-09-12,13,"TAKEAWAY",7276.41,0.00,7276.41,0.00,363.86,7640.27,38,
"MSFT Hyd",2025-09-12,14,"TAKEAWAY",5623.83,0.00,5623.83,0.00,281.20,5905.03,31,
"MSFT Hyd",2025-09-12,15,"TAKEAWAY",5998.84,0.00,5998.84,0.00,299.98,6298.82,25,
"MSFT Hyd",2025-09-12,15,"DINE IN",0.00,0.00,0.00,0.00,0.00,0.00,1,
"MSFT Hyd",2025-09-12,16,"TAKEAWAY",6240.65,0.00,6240.65,0.00,312.08,6552.73,35,
"MSFT Hyd",2025-09-12,17,"TAKEAWAY",9848.93,0.00,9848.93,0.00,492.46,10341.39,57,
"MSFT Hyd",2025-09-12,18,"DINE IN",0.00,0.00,0.00,0.00,0.00,0.00,4,
"MSFT Hyd",2025-09-12,19,"TAKEAWAY",542.85,0.00,542.85,0.00,27.15,570.00,3,
"MSFT Hyd",2025-09-15,7,"TAKEAWAY",171.43,0.00,171.43,0.00,8.57,180.00,1,
"MSFT Hyd",2025-09-15,8,"TAKEAWAY",180.95,0.00,180.95,0.00,9.05,190.00,1,
"MSFT Hyd",2025-09-15,9,"TAKEAWAY",684.52,0.00,684.52,0.00,34.23,718.75,4,
"MSFT Hyd",2025-09-15,10,"TAKEAWAY",1367.85,0.00,1367.85,0.00,68.40,1436.25,8,
"MSFT Hyd",2025-09-15,11,"TAKEAWAY",1000.00,0.00,1000.00,0.00,50.00,1050.00,6,
"MSFT Hyd",2025-09-15,12,"TAKEAWAY",815.56,0.00,815.56,0.00,40.78,856.34,3,
"MSFT Hyd",2025-09-15,13,"TAKEAWAY",4567.42,0.00,4567.42,0.00,228.42,4795.84,25,
"MSFT Hyd",2025-09-15,14,"TAKEAWAY",3401.54,0.00,3401.54,0.00,170.11,3571.65,19,
"MSFT Hyd",2025-09-15,14,"DINE IN",0.00,0.00,0.00,0.00,0.00,0.00,1,
"MSFT Hyd",2025-09-15,15,"TAKEAWAY",6253.80,0.00,6253.80,0.00,312.71,6566.51,36,
"MSFT Hyd",2025-09-15,15,"DINE IN",0.00,0.00,0.00,0.00,0.00,0.00,1,
"MSFT Hyd",2025-09-15,16,"TAKEAWAY",6332.43,0.00,6332.43,0.00,316.63,6649.06,39,
"MSFT Hyd",2025-09-15,17,"TAKEAWAY",7665.48,0.00,7665.48,0.00,383.30,8048.78,41,
"MSFT Hyd",2025-09-15,18,"TAKEAWAY",294.29,0.00,294.29,0.00,14.71,309.00,2,
"MSFT Hyd",2025-09-16,7,"TAKEAWAY",171.43,0.00,171.43,0.00,8.57,180.00,1,
"MSFT Hyd",2025-09-16,8,"TAKEAWAY",352.38,0.00,352.38,0.00,17.62,370.00,2,
"MSFT Hyd",2025-09-16,9,"TAKEAWAY",1157.14,0.00,1157.14,0.00,57.86,1215.00,7,
"MSFT Hyd",2025-09-16,10,"TAKEAWAY",1463.74,0.00,1463.74,0.00,73.20,1536.94,8,
"MSFT Hyd",2025-09-16,11,"TAKEAWAY",888.89,0.00,888.89,0.00,44.45,933.34,5,
"MSFT Hyd",2025-09-16,12,"TAKEAWAY",422.23,0.00,422.23,0.00,21.11,443.34,2,
"MSFT Hyd",2025-09-16,13,"TAKEAWAY",3839.64,0.00,3839.64,0.00,191.99,4031.63,22,
"MSFT Hyd",2025-09-16,13,"DINE IN",0.00,0.00,0.00,0.00,0.00,0.00,2,
"MSFT Hyd",2025-09-16,14,"TAKEAWAY",4660.15,0.00,4660.15,0.00,233.03,4893.18,26,
"MSFT Hyd",2025-09-16,14,"DINE IN",0.00,0.00,0.00,0.00,0.00,0.00,1,
"MSFT Hyd",2025-09-16,15,"TAKEAWAY",3033.30,0.00,3033.30,0.00,151.69,3184.99,17,
"MSFT Hyd",2025-09-16,16,"TAKEAWAY",6934.51,0.00,6934.51,0.00,346.72,7281.23,42,
"MSFT Hyd",2025-09-16,17,"TAKEAWAY",9315.33,0.00,9315.33,0.00,465.77,9781.10,55,
"MSFT Hyd",2025-09-16,18,"TAKEAWAY",352.38,0.00,352.38,0.00,17.62,370.00,2,
"MSFT Hyd",2025-09-17,7,"TAKEAWAY",171.43,0.00,171.43,0.00,8.57,180.00,1,
"MSFT Hyd",2025-09-17,8,"TAKEAWAY",180.95,0.00,180.95,0.00,9.05,190.00,1,
"MSFT Hyd",2025-09-17,9,"TAKEAWAY",1410.18,0.00,1410.18,0.00,70.52,1480.70,9,
"MSFT Hyd",2025-09-17,10,"TAKEAWAY",841.28,0.00,841.28,0.00,42.06,883.34,5,
"MSFT Hyd",2025-09-17,11,"TAKEAWAY",1507.81,0.00,1507.81,0.00,75.39,1583.20,10,
"MSFT Hyd",2025-09-17,12,"TAKEAWAY",1473.03,0.00,1473.03,0.00,73.65,1546.68,7,
"MSFT Hyd",2025-09-17,13,"TAKEAWAY",4484.43,0.00,4484.43,0.00,224.26,4708.69,22,
"MSFT Hyd",2025-09-17,14,"TAKEAWAY",4545.55,0.00,4545.55,0.00,227.30,4772.85,27,
"MSFT Hyd",2025-09-17,15,"TAKEAWAY",5343.15,0.00,5343.15,0.00,267.20,5610.35,30,
"MSFT Hyd",2025-09-17,16,"TAKEAWAY",9275.80,0.00,9275.80,0.00,463.83,9739.63,54,
"MSFT Hyd",2025-09-17,17,"TAKEAWAY",8800.70,0.00,8800.70,0.00,440.06,9240.76,49,
"MSFT Hyd",2025-09-17,18,"TAKEAWAY",379.92,0.00,379.92,0.00,19.00,398.92,2,
"MSFT Hyd",2025-09-17,18,"DINE IN",0.00,0.00,0.00,0.00,0.00,0.00,4,
"MSFT Hyd",2025-09-17,19,"TAKEAWAY",361.90,0.00,361.90,0.00,18.10,380.00,2,
"MSFT Hyd",2025-09-18,8,"TAKEAWAY",323.81,0.00,323.81,0.00,16.19,340.00,2,
"MSFT Hyd",2025-09-18,9,"TAKEAWAY",1725.80,0.00,1725.80,0.00,86.29,1812.09,10,
"MSFT Hyd",2025-09-18,10,"TAKEAWAY",983.99,0.00,983.99,0.00,49.20,1033.19,6,
"MSFT Hyd",2025-09-18,11,"TAKEAWAY",2701.60,0.00,2701.60,0.00,135.08,2836.68,12,
"MSFT Hyd",2025-09-18,12,"TAKEAWAY",1938.18,0.00,1938.18,0.00,96.91,2035.09,10,
"MSFT Hyd",2025-09-18,13,"TAKEAWAY",2615.17,0.00,2615.17,0.00,130.77,2745.94,15,
"MSFT Hyd",2025-09-18,14,"TAKEAWAY",4284.39,0.00,4284.39,0.00,214.24,4498.63,23,
"MSFT Hyd",2025-09-18,14,"DINE IN",0.00,0.00,0.00,0.00,0.00,0.00,2,
"MSFT Hyd",2025-09-18,15,"TAKEAWAY",5652.60,0.00,5652.60,0.00,282.64,5935.24,34,
"MSFT Hyd",2025-09-18,15,"DINE IN",0.00,0.00,0.00,0.00,0.00,0.00,1,
"MSFT Hyd",2025-09-18,16,"TAKEAWAY",7323.17,0.00,7323.17,0.00,366.16,7689.33,45,
"MSFT Hyd",2025-09-18,17,"TAKEAWAY",9162.10,0.00,9162.10,0.00,447.66,9609.76,49,
"MSFT Hyd",2025-09-18,18,"TAKEAWAY",461.38,0.00,461.38,0.00,23.07,484.45,3,
"MSFT Hyd",2025-09-19,7,"TAKEAWAY",171.43,0.00,171.43,0.00,8.57,180.00,1,
"MSFT Hyd",2025-09-19,8,"TAKEAWAY",323.81,0.00,323.81,0.00,16.19,340.00,2,
"MSFT Hyd",2025-09-19,9,"TAKEAWAY",1732.42,0.00,1732.42,0.00,86.62,1819.04,10,
"MSFT Hyd",2025-09-19,10,"TAKEAWAY",1791.14,0.00,1791.14,0.00,89.56,1880.70,11,
"MSFT Hyd",2025-09-19,11,"TAKEAWAY",1184.36,0.00,1184.36,0.00,59.24,1243.60,7,
"MSFT Hyd",2025-09-19,12,"TAKEAWAY",2316.50,0.00,2316.50,0.00,115.84,2432.34,11,
"MSFT Hyd",2025-09-19,13,"TAKEAWAY",5298.17,0.00,5298.17,0.00,264.94,5563.11,30,
"MSFT Hyd",2025-09-19,14,"TAKEAWAY",3222.93,0.00,3222.93,0.00,161.14,3384.07,19,
"MSFT Hyd",2025-09-19,15,"TAKEAWAY",5696.52,0.00,5696.52,0.00,284.87,5981.39,30,
"MSFT Hyd",2025-09-19,16,"TAKEAWAY",7442.70,0.00,7442.70,0.00,372.17,7814.87,40,
"MSFT Hyd",2025-09-19,17,"TAKEAWAY",9097.93,0.00,9097.93,0.00,454.97,9552.90,49,
"MSFT Hyd",2025-09-19,18,"TAKEAWAY",446.67,0.00,446.67,0.00,22.33,469.00,3,
"MSFT Hyd",2025-09-19,18,"DINE IN",0.00,0.00,0.00,0.00,0.00,0.00,3,
"MSFT Hyd",2025-09-22,7,"TAKEAWAY",152.38,0.00,152.38,0.00,7.62,160.00,1,
"MSFT Hyd",2025-09-22,8,"TAKEAWAY",672.62,0.00,672.62,0.00,33.63,706.25,4,
"MSFT Hyd",2025-09-22,9,"TAKEAWAY",1120.23,0.00,1120.23,0.00,56.02,1176.25,7,
"MSFT Hyd",2025-09-22,10,"TAKEAWAY",209.52,0.00,209.52,0.00,10.48,220.00,1,
"MSFT Hyd",2025-09-22,11,"TAKEAWAY",815.47,0.00,815.47,0.00,40.78,856.25,5,
"MSFT Hyd",2025-09-22,12,"TAKEAWAY",695.23,0.00,695.23,0.00,34.77,730.00,4,
"MSFT Hyd",2025-09-22,13,"TAKEAWAY",1682.23,0.00,1682.23,0.00,84.11,1766.34,9,
"MSFT Hyd",2025-09-22,13,"DINE IN",0.00,0.00,0.00,0.00,0.00,0.00,2,
"MSFT Hyd",2025-09-22,14,"TAKEAWAY",2220.46,0.00,2220.46,0.00,111.04,2331.50,13,
"MSFT Hyd",2025-09-22,15,"TAKEAWAY",2511.38,0.00,2511.38,0.00,125.57,2636.95,13,
"MSFT Hyd",2025-09-22,16,"TAKEAWAY",6109.84,0.00,6109.84,0.00,305.56,6415.40,34,
"MSFT Hyd",2025-09-22,17,"TAKEAWAY",4052.19,0.00,4052.19,0.00,202.61,4254.80,25,
"MSFT Hyd",2025-09-23,7,"TAKEAWAY",171.43,0.00,171.43,0.00,8.57,180.00,1,
"MSFT Hyd",2025-09-23,8,"TAKEAWAY",466.67,0.00,466.67,0.00,23.33,490.00,3,
"MSFT Hyd",2025-09-23,9,"TAKEAWAY",1382.94,0.00,1382.94,0.00,69.15,1452.09,8,
"MSFT Hyd",2025-09-23,10,"TAKEAWAY",660.33,0.00,660.33,0.00,33.01,693.34,4,
"MSFT Hyd",2025-09-23,11,"TAKEAWAY",2126.61,0.00,2126.61,0.00,106.32,2232.93,12,
"MSFT Hyd",2025-09-23,12,"TAKEAWAY",1228.89,0.00,1228.89,0.00,61.46,1290.35,6,
"MSFT Hyd",2025-09-23,13,"TAKEAWAY",6343.52,0.00,6343.52,0.00,317.21,6660.73,36,
"MSFT Hyd",2025-09-23,14,"TAKEAWAY",2883.38,0.00,2883.38,0.00,144.17,3027.55,17,
"MSFT Hyd",2025-09-23,14,"DINE IN",0.00,0.00,0.00,0.00,0.00,0.00,3,
"MSFT Hyd",2025-09-23,15,"TAKEAWAY",3418.64,0.00,3418.64,0.00,170.95,3589.59,18,
"MSFT Hyd",2025-09-23,16,"TAKEAWAY",4725.80,0.00,4725.80,0.00,236.30,4962.10,24,
"MSFT Hyd",2025-09-23,17,"TAKEAWAY",6628.08,0.00,6628.08,0.00,331.39,6959.47,40,
"MSFT Hyd",2025-09-23,18,"DINE IN",0.00,0.00,0.00,0.00,0.00,0.00,1,
"MSFT Hyd",2025-09-24,7,"TAKEAWAY",152.38,0.00,152.38,0.00,7.62,160.00,1,
"MSFT Hyd",2025-09-24,8,"TAKEAWAY",476.19,0.00,476.19,0.00,23.81,500.00,3,
"MSFT Hyd",2025-09-24,9,"TAKEAWAY",1488.08,0.00,1488.08,0.00,74.42,1562.50,9,
"MSFT Hyd",2025-09-24,10,"TAKEAWAY",1037.94,0.00,1037.94,0.00,51.91,1089.85,6,
"MSFT Hyd",2025-09-24,11,"TAKEAWAY",2255.79,0.00,2255.79,0.00,112.81,2368.60,12,
"MSFT Hyd",2025-09-24,12,"TAKEAWAY",780.94,0.00,780.94,0.00,39.06,820.00,4,
"MSFT Hyd",2025-09-24,13,"TAKEAWAY",5412.80,0.00,5412.80,0.00,270.67,5683.47,31,
"MSFT Hyd",2025-09-24,14,"TAKEAWAY",5182.94,0.00,5182.94,0.00,259.15,5442.09,25,
"MSFT Hyd",2025-09-24,15,"TAKEAWAY",2283.81,0.00,2283.81,0.00,114.19,2398.00,14,
"MSFT Hyd",2025-09-24,16,"TAKEAWAY",5589.94,0.00,5589.94,0.00,279.50,5869.44,32,
"MSFT Hyd",2025-09-24,17,"TAKEAWAY",7466.82,0.00,7466.82,0.00,373.36,7840.18,40,
"MSFT Hyd",2025-09-24,17,"DINE IN",0.00,0.00,0.00,0.00,0.00,0.00,6,
"MSFT Hyd",2025-09-24,18,"TAKEAWAY",402.38,0.00,402.38,0.00,20.12,422.50,2,
"MSFT Hyd",2025-09-25,7,"TAKEAWAY",171.43,0.00,171.43,0.00,8.57,180.00,1,
"MSFT Hyd",2025-09-25,8,"TAKEAWAY",171.43,0.00,171.43,0.00,8.57,180.00,1,
"MSFT Hyd",2025-09-25,9,"TAKEAWAY",1789.27,0.00,1789.27,0.00,89.48,1878.75,11,
"MSFT Hyd",2025-09-25,10,"TAKEAWAY",1272.61,0.00,1272.61,0.00,63.64,1336.25,7,
"MSFT Hyd",2025-09-25,11,"TAKEAWAY",1367.85,0.00,1367.85,0.00,68.40,1436.25,8,
"MSFT Hyd",2025-09-25,12,"TAKEAWAY",1076.18,0.00,1076.18,0.00,53.82,1130.00,5,
"MSFT Hyd",2025-09-25,13,"TAKEAWAY",4361.38,0.00,4361.38,0.00,218.08,4579.46,21,
"MSFT Hyd",2025-09-25,14,"TAKEAWAY",4045.39,0.00,4045.39,0.00,191.82,4237.21,20,
"MSFT Hyd",2025-09-25,15,"TAKEAWAY",4981.11,0.00,4981.11,0.00,249.09,5230.20,30,
"MSFT Hyd",2025-09-25,15,"DINE IN",0.00,0.00,0.00,0.00,0.00,0.00,1,
"MSFT Hyd",2025-09-25,16,"TAKEAWAY",4932.19,0.00,4932.19,0.00,246.66,5178.85,28,
"MSFT Hyd",2025-09-25,16,"DINE IN",0.00,0.00,0.00,0.00,0.00,0.00,1,
"MSFT Hyd",2025-09-25,17,"TAKEAWAY",5747.16,0.00,5747.16,0.00,287.37,6034.53,33,
"MSFT Hyd",2025-09-25,17,"DINE IN",0.00,0.00,0.00,0.00,0.00,0.00,3,
"MSFT Hyd",2025-09-25,18,"TAKEAWAY",261.38,0.00,261.38,0.00,13.07,274.45,2,
"MSFT Hyd",2025-09-26,8,"TAKEAWAY",270.91,0.00,270.91,0.00,13.54,284.45,2,
"MSFT Hyd",2025-09-26,9,"TAKEAWAY",1241.27,0.00,1241.27,0.00,62.07,1303.34,7,
"MSFT Hyd",2025-09-26,10,"TAKEAWAY",713.10,0.00,713.10,0.00,35.65,748.75,4,
"MSFT Hyd",2025-09-26,11,"TAKEAWAY",1549.47,0.00,1549.47,0.00,77.48,1626.95,8,
"MSFT Hyd",2025-09-26,12,"TAKEAWAY",2272.64,0.00,2272.64,0.00,113.63,2386.27,11,
"MSFT Hyd",2025-09-26,13,"TAKEAWAY",6575.85,0.00,6575.85,0.00,328.84,6904.69,36,
"MSFT Hyd",2025-09-26,14,"TAKEAWAY",3579.41,0.00,3579.41,0.00,178.98,3758.39,21,
"MSFT Hyd",2025-09-26,15,"TAKEAWAY",3893.58,0.00,3893.58,0.00,194.72,4088.30,22,
"MSFT Hyd",2025-09-26,16,"TAKEAWAY",5560.64,0.00,5560.64,0.00,278.04,5838.68,33,
"MSFT Hyd",2025-09-26,16,"DINE IN",0.00,0.00,0.00,0.00,0.00,0.00,3,
"MSFT Hyd",2025-09-26,17,"TAKEAWAY",6480.36,0.00,6480.36,0.00,324.06,6804.42,35,
"MSFT Hyd",2025-09-26,18,"TAKEAWAY",523.81,0.00,523.81,0.00,26.19,550.00,3,
"MSFT Hyd",2025-09-26,18,"DINE IN",0.00,0.00,0.00,0.00,0.00,0.00,2,
"MSFT Hyd",2025-09-29,9,"TAKEAWAY",1930.28,0.00,1930.28,0.00,96.51,2026.79,12,
"MSFT Hyd",2025-09-29,10,"TAKEAWAY",1044.04,0.00,1044.04,0.00,52.21,1096.25,6,
"MSFT Hyd",2025-09-29,11,"TAKEAWAY",789.28,0.00,789.28,0.00,39.47,828.75,4,
"MSFT Hyd",2025-09-29,12,"TAKEAWAY",542.85,0.00,542.85,0.00,27.15,570.00,3,
"MSFT Hyd",2025-09-29,13,"TAKEAWAY",3056.74,0.00,3056.74,0.00,152.85,3209.59,17,
"MSFT Hyd",2025-09-29,14,"TAKEAWAY",1684.24,0.00,1684.24,0.00,84.21,1768.45,9,
"MSFT Hyd",2025-09-29,15,"TAKEAWAY",3483.02,0.00,3483.02,0.00,163.69,3646.71,19,
"MSFT Hyd",2025-09-29,16,"TAKEAWAY",3224.45,0.00,3224.45,0.00,161.24,3385.69,18,
"MSFT Hyd",2025-09-29,17,"TAKEAWAY",5758.58,0.00,5758.58,0.00,287.96,6046.54,34,
"MSFT Hyd",2025-09-29,17,"DINE IN",0.00,0.00,0.00,0.00,0.00,0.00,2,
"MSFT Hyd",2025-09-29,18,"DINE IN",0.00,0.00,0.00,0.00,0.00,0.00,3,
"MSFT Hyd",2025-09-30,6,"TAKEAWAY",171.43,0.00,171.43,0.00,8.57,180.00,1,
"MSFT Hyd",2025-09-30,8,"TAKEAWAY",523.81,0.00,523.81,0.00,26.19,550.00,3,
"MSFT Hyd",2025-09-30,9,"TAKEAWAY",596.15,0.00,596.15,0.00,29.80,625.95,4,
"MSFT Hyd",2025-09-30,10,"TAKEAWAY",913.10,0.00,913.10,0.00,45.65,958.75,5,
"MSFT Hyd",2025-09-30,11,"TAKEAWAY",1630.71,0.00,1630.71,0.00,81.53,1712.24,10,
"MSFT Hyd",2025-09-30,12,"TAKEAWAY",1069.70,0.00,1069.70,0.00,53.49,1123.19,6,
"MSFT Hyd",2025-09-30,13,"TAKEAWAY",3028.79,0.00,3028.79,0.00,151.45,3180.24,17,
"MSFT Hyd",2025-09-30,14,"TAKEAWAY",2067.32,0.00,2067.32,0.00,103.37,2170.69,12,
"MSFT Hyd",2025-09-30,15,"TAKEAWAY",2917.04,0.00,2917.04,0.00,145.86,3062.90,18,
"MSFT Hyd",2025-09-30,16,"TAKEAWAY",4212.98,0.00,4212.98,0.00,210.67,4423.65,25,
"MSFT Hyd",2025-09-30,17,"TAKEAWAY",4876.84,0.00,4876.84,0.00,233.38,5110.22,26,
"MSFT Hyd",2025-09-30,17,"DINE IN",0.00,0.00,0.00,0.00,0.00,0.00,2,
"MSFT Hyd",2025-09-30,18,"TAKEAWAY",361.90,0.00,361.90,0.00,18.10,380.00,2,
"MSFT Hyd",2025-09-30,18,"DINE IN",0.00,0.00,0.00,0.00,0.00,0.00,2,
