Outlet Name,Date,Tab Type,Source,Quantity,Bills,Gross Sale,Discount,Net Sale,Charges,Tax,Total,
Coffee Island GK II,2025-09-01,delivery,POS,3,1,270.00,0.00,270.00,0.00,13.50,283.50,
Coffee Island GK II,2025-09-01,delivery,Swiggy,7,3,1640.00,511.98,1128.02,90.00,60.92,1278.94,
Coffee Island GK II,2025-09-01,delivery,Zomato,23,7,3631.61,774.00,2857.61,210.00,161.19,3228.80,
Coffee Island GK II,2025-09-01,table,POS,196,57,29150.03,156.00,28994.03,0.00,1546.20,30540.23,
Coffee Island GK II,2025-09-01,takeout,POS,12,6,2100.00,0.00,2100.00,0.00,105.00,2205.00,
Coffee Island GK II,2025-09-02,delivery,Swiggy,16,5,1541.61,469.99,1071.62,150.00,66.61,1288.23,
Coffee Island GK II,2025-09-02,delivery,Zomato,25,10,3840.00,724.00,3116.00,300.00,170.80,3586.80,
Coffee Island GK II,2025-09-02,table,POS,135,40,17374.07,417.00,16957.07,0.00,866.58,17823.65,
Coffee Island GK II,2025-09-02,takeout,Mobile App,1,1,270.00,270.00,0.00,0.00,0.00,0.00,
Coffee Island GK II,2025-09-02,takeout,POS,40,17,7144.83,643.02,6501.81,0.00,440.14,6941.95,
Coffee Island GK II,2025-09-03,delivery,Swiggy,25,9,2755.00,899.98,1855.02,270.00,106.25,2231.27,
Coffee Island GK II,2025-09-03,delivery,Zomato,25,8,3340.00,918.00,2422.00,240.00,133.10,2795.10,
Coffee Island GK II,2025-09-03,table,POS,127,39,16210.09,403.00,15807.09,0.00,870.76,16677.85,
Coffee Island GK II,2025-09-03,takeout,Mobile App,3,2,540.00,270.00,270.00,5.00,14.40,289.40,
Coffee Island GK II,2025-09-03,takeout,POS,8,3,1040.00,0.00,1040.00,0.00,52.00,1092.00,
Coffee Island GK II,2025-09-04,delivery,Swiggy,15,5,1990.00,437.99,1552.01,150.00,85.11,1787.12,
Coffee Island GK II,2025-09-04,delivery,Zomato,7,2,815.00,326.50,488.50,60.00,27.43,575.93,
Coffee Island GK II,2025-09-04,table,POS,100,32,12220.00,230.00,11990.00,0.00,599.50,12589.50,
Coffee Island GK II,2025-09-04,takeout,POS,26,6,3690.00,520.00,3170.00,0.00,158.50,3328.50,
Coffee Island GK II,2025-09-05,delivery,Mobile App,8,2,1240.00,100.00,1140.00,80.00,167.60,1387.60,
Coffee Island GK II,2025-09-05,delivery,Swiggy,22,10,3524.83,997.97,2526.86,300.00,183.95,3010.81,
Coffee Island GK II,2025-09-05,delivery,Zomato,44,14,6719.00,1958.00,4761.00,420.00,346.02,5527.02,
Coffee Island GK II,2025-09-05,table,POS,171,49,27294.11,790.14,26503.97,0.00,1521.55,28025.52,
Coffee Island GK II,2025-09-05,takeout,Mobile App,9,2,1460.00,200.00,1260.00,10.00,64.81,1334.81,
Coffee Island GK II,2025-09-05,takeout,POS,20,7,2165.87,68.00,2097.87,0.00,147.75,2245.62,
Coffee Island GK II,2025-09-06,delivery,Mobile App,2,1,540.00,100.00,440.00,55.00,31.90,526.90,
Coffee Island GK II,2025-09-06,delivery,Swiggy,6,2,770.00,212.99,557.01,60.00,30.85,647.86,
Coffee Island GK II,2025-09-06,delivery,Zomato,41,14,7042.72,1907.00,5135.72,420.00,315.84,5871.56,
Coffee Island GK II,2025-09-06,table,POS,223,59,31215.83,415.00,30800.83,0.00,1564.76,32365.59,
Coffee Island GK II,2025-09-06,takeout,Mobile App,11,5,1920.00,470.00,1450.00,20.00,76.11,1546.11,
Coffee Island GK II,2025-09-06,takeout,POS,57,15,7318.71,308.10,7010.61,0.00,383.85,7394.46,
Coffee Island GK II,2025-09-07,delivery,Swiggy,20,6,3155.42,796.98,2358.44,180.00,168.32,2706.76,
Coffee Island GK II,2025-09-07,delivery,Zomato,47,12,5300.00,1599.00,3701.00,360.00,203.05,4264.05,
Coffee Island GK II,2025-09-07,table,POS,215,57,31880.79,1327.00,30553.79,0.00,1566.65,32120.44,
Coffee Island GK II,2025-09-07,takeout,Mobile App,9,3,1370.00,200.00,1170.00,15.00,61.21,1246.21,
Coffee Island GK II,2025-09-07,takeout,POS,25,9,3208.47,20.00,3188.47,0.00,183.92,3372.39,
Coffee Island GK II,2025-09-08,delivery,Swiggy,14,5,2295.00,661.99,1633.01,150.00,89.16,1872.17,
Coffee Island GK II,2025-09-08,delivery,Zomato,25,10,4510.00,883.50,3626.50,300.00,196.33,4122.83,
Coffee Island GK II,2025-09-08,table,POS,89,37,13482.46,372.00,13110.46,0.00,676.44,13786.90,
Coffee Island GK II,2025-09-08,takeout,Mobile App,4,3,500.00,270.00,230.00,5.00,12.40,247.40,
Coffee Island GK II,2025-09-08,takeout,POS,26,8,3780.00,12.00,3768.00,0.00,188.40,3956.40,
Coffee Island GK II,2025-09-09,delivery,Swiggy-Bolt Urgent,17,5,2015.00,649.98,1365.02,150.00,75.75,1590.77,
Coffee Island GK II,2025-09-09,delivery,Zomato,34,10,5099.41,1160.00,3939.41,300.00,341.24,4580.65,
Coffee Island GK II,2025-09-09,table,POS,106,32,14182.85,590.00,13592.85,0.00,703.65,14296.50,
Coffee Island GK II,2025-09-09,takeout,Mobile App,8,4,1481.00,187.00,1294.00,20.00,68.43,1382.43,
Coffee Island GK II,2025-09-09,takeout,POS,32,12,5906.61,117.00,5789.61,0.00,297.28,6086.89,
Coffee Island GK II,2025-09-10,delivery,Swiggy,11,4,945.00,275.99,669.01,120.00,39.45,828.46,
Coffee Island GK II,2025-09-10,delivery,Zomato,17,7,2365.00,596.00,1769.00,210.00,98.95,2077.95,
Coffee Island GK II,2025-09-10,table,POS,221,42,32287.29,2879.00,29408.29,0.00,1558.05,30966.34,
Coffee Island GK II,2025-09-10,takeout,Mobile App,6,2,920.00,226.00,694.00,10.00,36.51,740.51,
Coffee Island GK II,2025-09-10,takeout,POS,18,9,3174.84,237.00,2937.84,0.00,233.04,3170.88,
Coffee Island GK II,2025-09-11,delivery,Swiggy-Bolt Urgent,16,6,1720.00,578.00,1142.00,180.00,66.11,1388.11,
Coffee Island GK II,2025-09-11,delivery,Zomato,28,11,4623.80,1146.00,3477.80,330.00,190.39,3998.19,
Coffee Island GK II,2025-09-11,table,POS,95,37,15034.36,47.00,14987.36,0.00,895.80,15883.16,
Coffee Island GK II,2025-09-11,takeout,Mobile App,2,1,230.00,0.00,230.00,5.00,12.40,247.40,
Coffee Island GK II,2025-09-11,takeout,POS,20,9,3610.00,0.00,3610.00,0.00,180.50,3790.50,
Coffee Island GK II,2025-09-12,delivery,Swiggy,11,3,1320.00,528.00,792.00,90.00,44.11,926.11,
Coffee Island GK II,2025-09-12,delivery,Zomato,24,7,4113.47,712.54,3400.93,210.00,203.42,3814.35,
Coffee Island GK II,2025-09-12,table,POS,72,29,10039.00,151.00,9888.00,0.00,494.40,10382.40,
Coffee Island GK II,2025-09-12,takeout,Mobile App,9,4,1540.00,270.00,1270.00,15.00,66.20,1351.20,
Coffee Island GK II,2025-09-12,takeout,POS,94,17,12781.34,210.00,12571.34,0.00,675.42,13246.76,
Coffee Island GK II,2025-09-13,delivery,Swiggy,8,3,1029.49,292.99,736.50,90.00,89.36,915.86,
Coffee Island GK II,2025-09-13,delivery,Zomato,43,12,6615.00,1691.50,4923.50,360.00,264.18,5547.68,
Coffee Island GK II,2025-09-13,table,POS,212,58,33682.44,2399.19,31283.25,0.00,1661.42,32944.67,
Coffee Island GK II,2025-09-13,takeout,Mobile App,4,2,440.00,0.00,440.00,10.00,23.80,473.80,
Coffee Island GK II,2025-09-13,takeout,POS,28,12,4680.00,41.00,4639.00,0.00,231.95,4870.95,
Coffee Island GK II,2025-09-14,delivery,Swiggy-Bolt Urgent,8,4,1164.32,304.99,859.33,120.00,79.43,1058.76,
Coffee Island GK II,2025-09-14,delivery,Zomato,34,10,5610.00,1698.00,3912.00,300.00,210.60,4422.60,
Coffee Island GK II,2025-09-14,table,POS,253,77,36055.38,968.00,35087.38,0.00,1889.23,36976.61,
Coffee Island GK II,2025-09-14,takeout,Mobile App,9,4,1580.00,470.00,1110.00,15.00,58.20,1183.20,
Coffee Island GK II,2025-09-14,takeout,POS,11,4,1190.00,0.00,1190.00,0.00,59.50,1249.50,
Coffee Island GK II,2025-09-15,delivery,Mobile App,2,1,600.00,37.00,563.00,25.00,72.06,660.06,
Coffee Island GK II,2025-09-15,delivery,Swiggy,21,5,2186.20,230.00,1956.20,150.00,105.31,2211.51,
Coffee Island GK II,2025-09-15,delivery,Zomato,34,10,3865.00,965.50,2899.50,300.00,159.98,3359.48,
Coffee Island GK II,2025-09-15,table,POS,93,35,13731.90,47.00,13684.90,0.00,684.25,14369.15,
Coffee Island GK II,2025-09-15,takeout,Mobile App,4,2,618.00,138.00,480.00,5.00,24.90,509.90,
Coffee Island GK II,2025-09-15,takeout,POS,15,8,2094.30,0.00,2094.30,0.00,104.72,2199.02,
Coffee Island GK II,2025-09-16,delivery,Swiggy,13,4,1310.00,411.00,899.00,120.00,50.95,1069.95,
Coffee Island GK II,2025-09-16,delivery,Zomato,34,11,4545.00,1577.50,2967.50,330.00,164.88,3462.38,
Coffee Island GK II,2025-09-16,table,POS,164,38,21317.87,224.00,21093.87,0.00,1098.27,22192.14,
Coffee Island GK II,2025-09-16,takeout,Mobile App,6,2,770.00,119.00,651.00,10.00,34.36,695.36,
Coffee Island GK II,2025-09-16,takeout,POS,2,2,200.00,0.00,200.00,0.00,10.01,210.01,
Coffee Island GK II,2025-09-17,delivery,Swiggy,7,4,1315.00,309.98,1005.02,120.00,56.25,1181.27,
Coffee Island GK II,2025-09-17,delivery,Zomato,38,11,5530.00,1580.00,3950.00,330.00,214.00,4494.00,
Coffee Island GK II,2025-09-17,table,POS,163,56,23358.59,567.16,22791.43,0.00,1248.30,24039.73,
Coffee Island GK II,2025-09-17,takeout,Mobile App,6,3,1366.00,295.00,1071.00,10.00,78.01,1159.01,
Coffee Island GK II,2025-09-17,takeout,POS,8,4,1200.00,14.00,1186.00,0.00,59.30,1245.30,
Coffee Island GK II,2025-09-18,delivery,Swiggy,7,3,1255.00,149.99,1105.01,90.00,59.75,1254.76,
Coffee Island GK II,2025-09-18,delivery,Zomato,34,13,4748.14,1657.00,3091.14,390.00,219.31,3700.45,
Coffee Island GK II,2025-09-18,table,POS,159,41,22640.71,1000.00,21640.71,0.00,1110.05,22750.76,
Coffee Island GK II,2025-09-18,takeout,Mobile App,3,1,438.00,0.00,438.00,5.00,52.44,495.44,
Coffee Island GK II,2025-09-18,takeout,POS,18,5,2506.92,0.00,2506.92,0.00,155.09,2662.01,
Coffee Island GK II,2025-09-19,delivery,Swiggy,1,1,250.00,74.99,175.01,30.00,10.25,215.26,
Coffee Island GK II,2025-09-19,delivery,Zomato,32,9,4394.30,1925.00,2469.30,270.00,136.97,2876.27,
Coffee Island GK II,2025-09-19,table,POS,148,47,24165.95,809.00,23356.95,0.00,1284.96,24641.91,
Coffee Island GK II,2025-09-19,takeout,Mobile App,2,1,230.00,0.00,230.00,5.00,12.40,247.40,
Coffee Island GK II,2025-09-19,takeout,POS,6,4,1209.00,0.00,1209.00,0.00,60.45,1269.45,
Coffee Island GK II,2025-09-20,delivery,Swiggy,13,3,1625.00,440.98,1184.02,90.00,63.70,1337.72,
Coffee Island GK II,2025-09-20,delivery,Zomato,31,10,4310.00,1541.00,2769.00,300.00,153.45,3222.45,
Coffee Island GK II,2025-09-20,table,POS,174,52,25685.20,1212.00,24473.20,0.00,1223.67,25696.87,
Coffee Island GK II,2025-09-20,takeout,Mobile App,9,4,1720.00,158.00,1562.00,20.00,81.70,1663.70,
Coffee Island GK II,2025-09-20,takeout,POS,40,12,4610.00,39.00,4571.00,0.00,228.55,4799.55,
Coffee Island GK II,2025-09-21,delivery,POS,3,1,280.00,280.00,0.00,0.00,0.00,0.00,
Coffee Island GK II,2025-09-21,delivery,Swiggy,15,5,2455.84,429.97,2025.87,150.00,191.86,2367.73,
Coffee Island GK II,2025-09-21,delivery,Zomato,36,12,5580.00,1711.00,3869.00,360.00,211.46,4440.46,
Coffee Island GK II,2025-09-21,table,POS,202,63,29444.57,1511.00,27933.57,0.00,1495.48,29429.05,
Coffee Island GK II,2025-09-21,takeout,Mobile App,2,1,210.00,0.00,210.00,5.00,11.40,226.40,
Coffee Island GK II,2025-09-21,takeout,POS,22,4,3730.00,0.00,3730.00,0.00,186.50,3916.50,
Coffee Island GK II,2025-09-22,delivery,Swiggy,7,2,1470.00,80.00,1390.00,60.00,72.50,1522.50,
Coffee Island GK II,2025-09-22,delivery,Zomato,20,8,2580.00,590.00,1990.00,240.00,111.50,2341.50,
Coffee Island GK II,2025-09-22,table,POS,138,40,19223.56,288.00,18935.56,0.00,946.78,19882.34,
Coffee Island GK II,2025-09-22,takeout,Mobile App,1,1,270.00,270.00,0.00,0.00,0.00,0.00,
Coffee Island GK II,2025-09-22,takeout,POS,24,7,3110.00,37.00,3073.00,0.00,153.65,3226.65,
Coffee Island GK II,2025-09-23,delivery,Swiggy-Bolt Urgent,9,4,1110.00,305.00,805.00,120.00,46.25,971.25,
Coffee Island GK II,2025-09-23,delivery,Zomato,25,9,3310.00,854.00,2456.00,270.00,136.30,2862.30,
Coffee Island GK II,2025-09-23,table,POS,138,40,18313.54,715.11,17598.43,0.00,948.49,18546.92,
Coffee Island GK II,2025-09-23,takeout,Mobile App,9,3,1507.00,264.00,1243.00,15.00,64.85,1322.85,
Coffee Island GK II,2025-09-23,takeout,POS,28,10,4554.18,393.90,4160.28,0.00,208.00,4368.28,
Coffee Island GK II,2025-09-24,delivery,Swiggy-Bolt Urgent,13,7,2442.54,584.99,1857.55,210.00,103.39,2170.94,
Coffee Island GK II,2025-09-24,delivery,Zomato,22,7,2920.00,1160.00,1760.00,210.00,98.50,2068.50,
Coffee Island GK II,2025-09-24,table,POS,126,41,16334.65,358.54,15976.11,0.00,826.25,16802.36,
Coffee Island GK II,2025-09-24,takeout,Mobile App,8,5,1870.00,840.00,1030.00,15.00,54.20,1099.20,
Coffee Island GK II,2025-09-24,takeout,POS,21,8,2977.02,200.00,2777.02,0.00,138.85,2915.87,
Coffee Island GK II,2025-09-25,delivery,Swiggy,17,4,2220.00,349.99,1870.01,120.00,99.50,2089.51,
Coffee Island GK II,2025-09-25,delivery,Zomato,40,11,5795.00,1743.50,4051.50,330.00,219.09,4600.59,
Coffee Island GK II,2025-09-25,table,POS,140,42,19066.39,665.00,18401.39,0.00,920.07,19321.46,
Coffee Island GK II,2025-09-25,takeout,Mobile App,2,1,230.00,0.00,230.00,5.00,12.40,247.40,
Coffee Island GK II,2025-09-25,takeout,POS,23,7,3580.85,0.00,3580.85,0.00,179.04,3759.89,
Coffee Island GK II,2025-09-26,delivery,Swiggy-Bolt Urgent,19,5,3340.85,681.96,2658.89,150.00,140.44,2949.33,
Coffee Island GK II,2025-09-26,delivery,Zomato,36,8,5530.00,2026.00,3504.00,240.00,187.21,3931.21,
Coffee Island GK II,2025-09-26,table,POS,190,60,30352.46,5987.71,24364.75,0.00,1310.40,25675.15,
Coffee Island GK II,2025-09-26,takeout,Mobile App,3,2,1529.00,200.00,1329.00,10.00,170.82,1509.82,
Coffee Island GK II,2025-09-26,takeout,POS,31,11,3719.10,108.00,3611.10,0.00,180.56,3791.66,
Coffee Island GK II,2025-09-27,delivery,Swiggy,6,2,1020.00,175.99,844.01,60.00,45.20,949.21,
Coffee Island GK II,2025-09-27,delivery,Zomato,46,12,6430.53,1960.00,4470.53,360.00,241.53,5072.06,
Coffee Island GK II,2025-09-27,table,POS,159,54,23533.02,744.00,22789.02,0.00,1153.63,23942.65,
Coffee Island GK II,2025-09-27,takeout,Mobile App,10,4,2145.00,400.00,1745.00,20.00,90.86,1855.86,
Coffee Island GK II,2025-09-27,takeout,POS,77,23,11977.27,0.00,11977.27,0.00,598.87,12576.14,
Coffee Island GK II,2025-09-28,delivery,Swiggy,2,1,320.00,75.00,245.00,30.00,13.75,288.75,
Coffee Island GK II,2025-09-28,delivery,Zomato,33,9,4244.00,1128.00,3116.00,270.00,182.50,3568.50,
Coffee Island GK II,2025-09-28,table,POS,194,68,30153.41,1012.00,29141.41,0.00,1465.56,30606.97,
Coffee Island GK II,2025-09-28,takeout,Mobile App,6,2,850.00,100.00,750.00,10.00,39.30,799.30,
Coffee Island GK II,2025-09-28,takeout,POS,78,27,12875.13,397.00,12478.13,0.00,669.88,13148.01,
Coffee Island GK II,2025-09-29,delivery,Swiggy,8,3,1163.39,228.98,934.41,90.00,51.23,1075.64,
Coffee Island GK II,2025-09-29,delivery,Zomato,15,6,1819.00,419.80,1399.20,180.00,78.96,1658.16,
Coffee Island GK II,2025-09-29,table,POS,206,56,31335.97,1512.00,29823.97,0.00,1785.26,31609.23,
Coffee Island GK II,2025-09-29,takeout,Mobile App,2,1,230.00,0.00,230.00,5.00,12.40,247.40,
Coffee Island GK II,2025-09-29,takeout,POS,30,13,4150.00,75.00,4075.00,0.00,203.75,4278.75,
Coffee Island GK II,2025-09-30,delivery,Swiggy,11,3,2658.00,599.96,2058.04,90.00,107.41,2255.45,
Coffee Island GK II,2025-09-30,delivery,Zomato,22,8,2810.00,1240.00,1570.00,240.00,90.50,1900.50,
Coffee Island GK II,2025-09-30,table,POS,268,69,36802.00,4449.85,32352.15,0.00,1649.21,34001.36,
Coffee Island GK II,2025-09-30,takeout,Mobile App,8,2,1450.00,264.00,1186.00,10.00,61.11,1257.11,
Coffee Island GK II,2025-09-30,takeout,POS,99,21,14682.80,125.00,14557.80,0.00,727.89,15285.69,
Coffee Island HQ-27,2025-09-01,delivery,Mobile App,1,1,257.00,0.00,257.00,40.00,20.05,317.05,
Coffee Island HQ-27,2025-09-01,delivery,Swiggy,28,9,4087.50,1930.99,2156.51,150.00,115.33,2421.84,
Coffee Island HQ-27,2025-09-01,delivery,Zomato,23,8,2710.00,602.00,2108.00,240.00,117.42,2465.42,
Coffee Island HQ-27,2025-09-01,table,POS,172,39,25270.61,725.24,24545.37,0.00,1283.10,25828.47,
Coffee Island HQ-27,2025-09-01,takeout,Mobile App,4,2,419.00,26.00,393.00,10.00,21.45,424.45,
Coffee Island HQ-27,2025-09-01,takeout,POS,87,31,12309.56,1631.80,10677.76,0.00,581.86,11259.62,
Coffee Island HQ-27,2025-09-02,delivery,Swiggy,30,9,3872.13,1728.98,2143.15,180.00,164.19,2487.34,
Coffee Island HQ-27,2025-09-02,delivery,Zomato,5,2,822.50,319.25,503.25,60.00,28.17,591.42,
Coffee Island HQ-27,2025-09-02,table,POS,86,23,10824.89,406.26,10418.63,0.00,679.36,11097.99,
Coffee Island HQ-27,2025-09-02,takeout,Mobile App,1,1,257.00,257.00,0.00,0.00,0.00,0.00,
Coffee Island HQ-27,2025-09-02,takeout,POS,48,13,5830.08,271.24,5558.84,0.00,288.87,5847.71,
Coffee Island HQ-27,2025-09-03,delivery,Swiggy,62,18,7733.75,3557.99,4175.76,480.00,232.80,4888.56,
Coffee Island HQ-27,2025-09-03,delivery,Zomato,19,6,2620.00,688.00,1932.00,180.00,105.60,2217.60,
Coffee Island HQ-27,2025-09-03,table,POS,100,32,11379.08,1545.11,9833.97,0.00,491.67,10325.64,
Coffee Island HQ-27,2025-09-03,takeout,Mobile App,3,2,457.00,283.00,174.00,5.00,9.60,188.60,
Coffee Island HQ-27,2025-09-03,takeout,POS,85,26,12151.09,1183.41,10967.68,0.00,621.92,11589.60,
Coffee Island HQ-27,2025-09-04,delivery,Mobile App,1,1,297.00,13.00,284.00,40.00,21.40,345.40,
Coffee Island HQ-27,2025-09-04,delivery,Swiggy,62,15,7800.00,2737.97,5062.03,360.00,271.09,5693.12,
Coffee Island HQ-27,2025-09-04,delivery,Zomato,29,7,4092.50,1476.25,2616.25,210.00,141.32,2967.57,
Coffee Island HQ-27,2025-09-04,table,POS,102,29,13254.04,1512.68,11741.36,0.00,604.14,12345.50,
Coffee Island HQ-27,2025-09-04,takeout,Mobile App,8,4,1366.00,277.00,1089.00,20.00,58.05,1167.05,
Coffee Island HQ-27,2025-09-04,takeout,POS,100,28,14199.08,628.53,13570.55,0.00,695.41,14265.96,
Coffee Island HQ-27,2025-09-05,delivery,Swiggy,66,13,7537.61,2939.95,4597.66,120.00,304.96,5022.62,
Coffee Island HQ-27,2025-09-05,delivery,Zomato,6,2,585.00,292.50,292.50,60.00,17.63,370.13,
Coffee Island HQ-27,2025-09-05,table,POS,161,37,20713.14,648.24,20064.90,0.00,1020.86,21085.76,
Coffee Island HQ-27,2025-09-05,takeout,Mobile App,4,2,991.00,796.50,194.50,10.00,11.53,216.03,
Coffee Island HQ-27,2025-09-05,takeout,POS,63,17,8106.99,511.92,7595.07,0.00,400.94,7996.01,
Coffee Island HQ-27,2025-09-06,delivery,Swiggy-Bolt Urgent,34,13,4686.13,1691.98,2994.15,270.00,163.20,3427.35,
Coffee Island HQ-27,2025-09-06,delivery,Zomato,33,8,5343.79,1507.50,3836.29,240.00,244.79,4321.08,
Coffee Island HQ-27,2025-09-06,table,POS,123,32,18318.73,457.19,17861.54,0.00,991.65,18853.19,
Coffee Island HQ-27,2025-09-06,takeout,Mobile App,3,3,852.00,462.00,390.00,10.00,21.30,421.30,
Coffee Island HQ-27,2025-09-06,takeout,POS,70,26,10378.71,548.81,9829.90,0.00,538.86,10368.76,
Coffee Island HQ-27,2025-09-07,delivery,Swiggy,51,15,7115.70,2643.98,4471.72,330.00,278.05,5079.77,
Coffee Island HQ-27,2025-09-07,delivery,Zomato,17,4,2272.50,496.00,1776.50,120.00,105.76,2002.26,
Coffee Island HQ-27,2025-09-07,table,POS,98,24,13471.02,1022.16,12448.86,0.00,845.48,13294.34,
Coffee Island HQ-27,2025-09-07,takeout,Mobile App,3,1,457.00,0.00,457.00,5.00,23.75,485.75,
Coffee Island HQ-27,2025-09-07,takeout,POS,23,6,2867.23,490.18,2377.05,0.00,131.95,2509.00,
Coffee Island HQ-27,2025-09-08,delivery,Swiggy-Bolt Urgent,43,13,5409.94,2270.98,3138.96,210.00,167.45,3516.41,
Coffee Island HQ-27,2025-09-08,delivery,Zomato,25,8,3325.00,1007.25,2317.75,240.00,127.89,2685.64,
Coffee Island HQ-27,2025-09-08,table,POS,82,27,10455.45,780.59,9674.86,0.00,529.53,10204.39,
Coffee Island HQ-27,2025-09-08,takeout,Mobile App,6,3,1418.00,980.00,438.00,5.00,22.80,465.80,
Coffee Island HQ-27,2025-09-08,takeout,POS,52,13,5884.50,1341.32,4543.18,0.00,270.18,4813.36,
Coffee Island HQ-27,2025-09-09,delivery,Swiggy,66,17,8911.38,3524.99,5386.39,210.00,412.69,6009.08,
Coffee Island HQ-27,2025-09-09,delivery,Zomato,31,8,3322.50,1464.25,1858.25,240.00,104.93,2203.18,
Coffee Island HQ-27,2025-09-09,table,POS,110,31,15090.77,781.36,14309.41,0.00,715.42,15024.83,
Coffee Island HQ-27,2025-09-09,takeout,Mobile App,8,4,1095.00,262.00,833.00,20.00,45.25,898.25,
Coffee Island HQ-27,2025-09-09,takeout,POS,87,21,10914.39,1510.71,9403.68,0.00,514.43,9918.11,
Coffee Island HQ-27,2025-09-10,delivery,Swiggy,48,16,6883.75,2966.00,3917.75,420.00,205.13,4542.88,
Coffee Island HQ-27,2025-09-10,delivery,Zomato,19,7,2555.00,545.50,2009.50,210.00,110.97,2330.47,
Coffee Island HQ-27,2025-09-10,table,POS,126,46,18064.08,1461.58,16602.50,0.00,893.25,17495.75,
Coffee Island HQ-27,2025-09-10,takeout,Mobile App,7,3,971.00,307.00,664.00,15.00,35.90,714.90,
Coffee Island HQ-27,2025-09-10,takeout,POS,81,21,12549.27,1168.02,11381.25,0.00,612.97,11994.22,
Coffee Island HQ-27,2025-09-11,delivery,Swiggy,37,11,4667.50,1580.98,3086.52,330.00,170.83,3587.35,
Coffee Island HQ-27,2025-09-11,delivery,Zomato,20,6,2923.75,1159.13,1764.63,180.00,97.25,2041.88,
Coffee Island HQ-27,2025-09-11,table,POS,121,35,16073.82,642.33,15431.49,0.00,853.31,16284.80,
Coffee Island HQ-27,2025-09-11,takeout,Mobile App,4,3,828.00,212.50,615.50,15.00,33.48,663.98,
Coffee Island HQ-27,2025-09-11,takeout,POS,98,28,14580.38,1653.78,12926.60,0.00,870.68,13797.28,
Coffee Island HQ-27,2025-09-12,delivery,Swiggy,27,8,3675.00,1698.98,1976.02,240.00,110.81,2326.83,
Coffee Island HQ-27,2025-09-12,delivery,Zomato,35,9,4542.50,1782.25,2760.25,270.00,151.52,3181.77,
Coffee Island HQ-27,2025-09-12,table,POS,125,41,15086.31,1145.18,13941.13,0.00,732.21,14673.34,
Coffee Island HQ-27,2025-09-12,takeout,Mobile App,2,1,219.00,0.00,219.00,5.00,11.85,235.85,
Coffee Island HQ-27,2025-09-12,takeout,POS,96,25,11834.04,624.23,11209.81,0.00,609.22,11819.03,
Coffee Island HQ-27,2025-09-13,delivery,Swiggy-Bolt Urgent,33,9,5113.99,1411.96,3702.03,270.00,204.04,4176.07,
Coffee Island HQ-27,2025-09-13,delivery,Zomato,30,6,3097.50,766.25,2331.25,180.00,125.56,2636.81,
Coffee Island HQ-27,2025-09-13,table,POS,151,43,19714.14,2794.59,16919.55,0.00,928.60,17848.15,
Coffee Island HQ-27,2025-09-13,takeout,Mobile App,4,4,1361.00,437.50,923.50,20.00,49.78,993.28,
Coffee Island HQ-27,2025-09-13,takeout,POS,70,27,9680.97,448.00,9232.97,0.00,461.63,9694.60,
Coffee Island HQ-27,2025-09-14,delivery,POS,2,2,368.10,203.10,165.00,0.00,8.25,173.25,
Coffee Island HQ-27,2025-09-14,delivery,Swiggy-Bolt Urgent,33,9,4390.00,1361.98,3028.02,270.00,164.90,3462.92,
Coffee Island HQ-27,2025-09-14,delivery,Zomato,24,8,3696.25,775.00,2921.25,240.00,158.07,3319.32,
Coffee Island HQ-27,2025-09-14,table,POS,98,24,13956.89,1763.84,12193.05,0.00,701.11,12894.16,
Coffee Island HQ-27,2025-09-14,takeout,Mobile App,1,1,38.00,38.00,0.00,0.00,0.00,0.00,
Coffee Island HQ-27,2025-09-14,takeout,POS,30,6,3597.62,96.10,3501.52,0.00,175.08,3676.60,
Coffee Island HQ-27,2025-09-15,delivery,Swiggy,51,13,6305.00,2846.98,3458.02,390.00,192.40,4040.42,
Coffee Island HQ-27,2025-09-15,delivery,Zomato,55,13,6832.50,2139.75,4692.75,390.00,254.14,5336.89,
Coffee Island HQ-27,2025-09-15,table,POS,88,23,12602.99,287.00,12315.99,0.00,661.97,12977.96,
Coffee Island HQ-27,2025-09-15,takeout,Mobile App,14,6,2066.00,861.00,1205.00,20.00,104.12,1329.12,
Coffee Island HQ-27,2025-09-15,takeout,POS,103,31,12671.01,1267.24,11403.77,0.00,615.69,12019.46,
Coffee Island HQ-27,2025-09-16,delivery,Swiggy,54,14,6112.50,2673.99,3438.51,420.00,192.92,4051.43,
Coffee Island HQ-27,2025-09-16,delivery,Zomato,24,6,3462.50,984.25,2478.25,180.00,132.92,2791.17,
Coffee Island HQ-27,2025-09-16,table,POS,108,37,12802.27,450.24,12352.03,0.00,633.21,12985.24,
Coffee Island HQ-27,2025-09-16,takeout,Mobile App,5,2,714.00,257.00,457.00,5.00,23.75,485.75,
Coffee Island HQ-27,2025-09-16,takeout,POS,73,22,10026.23,420.56,9605.67,0.00,535.94,10141.61,
Coffee Island HQ-27,2025-09-17,delivery,Swiggy,56,16,7040.00,2593.00,4447.00,480.00,246.35,5173.35,
Coffee Island HQ-27,2025-09-17,delivery,Zomato,18,7,2217.50,780.50,1437.00,210.00,82.36,1729.36,
Coffee Island HQ-27,2025-09-17,table,POS,109,31,13700.31,874.53,12825.78,0.00,732.47,13558.25,
Coffee Island HQ-27,2025-09-17,takeout,Mobile App,4,2,752.00,265.00,487.00,5.00,25.25,517.25,
Coffee Island HQ-27,2025-09-17,takeout,POS,89,31,13839.54,735.10,13104.44,0.00,771.12,13875.56,
Coffee Island HQ-27,2025-09-18,delivery,Swiggy-Bolt Urgent,25,9,3185.00,1386.99,1798.01,270.00,103.38,2171.39,
Coffee Island HQ-27,2025-09-18,delivery,Zomato,19,7,3728.57,639.00,3089.57,210.00,164.98,3464.55,
Coffee Island HQ-27,2025-09-18,table,POS,118,39,17788.39,1762.93,16025.46,0.00,942.06,16967.52,
Coffee Island HQ-27,2025-09-18,takeout,Mobile App,6,5,1513.00,810.00,703.00,20.00,38.76,761.76,
Coffee Island HQ-27,2025-09-18,takeout,POS,71,23,9896.04,564.43,9331.61,0.00,492.77,9824.38,
Coffee Island HQ-27,2025-09-19,delivery,Swiggy,27,10,3708.09,1313.54,2394.55,300.00,141.32,2835.87,
Coffee Island HQ-27,2025-09-19,delivery,Zomato,56,9,7241.36,2810.50,4430.86,270.00,252.13,4952.99,
Coffee Island HQ-27,2025-09-19,table,POS,64,21,7612.02,551.35,7060.67,0.00,392.67,7453.34,
Coffee Island HQ-27,2025-09-19,takeout,POS,115,27,15148.34,811.43,14336.91,0.00,768.47,15105.38,
Coffee Island HQ-27,2025-09-20,delivery,Swiggy,59,18,7360.79,2471.95,4888.84,540.00,311.81,5740.65,
Coffee Island HQ-27,2025-09-20,delivery,Zomato,19,6,2747.33,671.50,2075.83,180.00,215.48,2471.31,
Coffee Island HQ-27,2025-09-20,table,POS,155,45,24510.66,5153.43,19357.23,0.00,1023.85,20381.08,
Coffee Island HQ-27,2025-09-20,takeout,Mobile App,4,4,847.00,595.50,251.50,10.00,14.38,275.88,
Coffee Island HQ-27,2025-09-20,takeout,POS,48,14,5629.29,199.00,5430.29,0.00,271.52,5701.81,
Coffee Island HQ-27,2025-09-21,delivery,Swiggy,63,18,7837.50,3500.97,4336.53,540.00,243.84,5120.37,
Coffee Island HQ-27,2025-09-21,delivery,Zomato,29,8,3451.29,703.75,2747.54,240.00,191.03,3178.57,
Coffee Island HQ-27,2025-09-21,table,POS,53,20,7222.39,867.58,6354.81,0.00,332.60,6687.41,
Coffee Island HQ-27,2025-09-21,takeout,POS,71,17,10466.36,0.00,10466.36,0.00,587.18,11053.54,
Coffee Island HQ-27,2025-09-22,delivery,Swiggy,42,15,5680.00,2185.97,3494.03,450.00,197.21,4141.24,
Coffee Island HQ-27,2025-09-22,delivery,Zomato,18,5,2595.00,822.00,1773.00,150.00,96.15,2019.15,
Coffee Island HQ-27,2025-09-22,table,POS,34,14,3388.83,333.41,3055.42,0.00,152.78,3208.20,
Coffee Island HQ-27,2025-09-22,takeout,Mobile App,4,2,476.00,0.00,476.00,10.00,25.60,511.60,
Coffee Island HQ-27,2025-09-22,takeout,POS,75,20,8121.46,563.67,7557.79,0.00,377.90,7935.69,
Coffee Island HQ-27,2025-09-23,delivery,Swiggy,41,14,5417.50,2270.98,3146.52,420.00,178.33,3744.85,
Coffee Island HQ-27,2025-09-23,delivery,Zomato,41,13,4810.00,1554.75,3255.25,390.00,182.28,3827.53,
Coffee Island HQ-27,2025-09-23,table,POS,79,21,9693.82,2207.80,7486.02,0.00,385.62,7871.64,
Coffee Island HQ-27,2025-09-23,takeout,Mobile App,7,3,952.00,346.00,606.00,10.00,32.10,648.10,
Coffee Island HQ-27,2025-09-23,takeout,POS,70,30,8913.87,1534.83,7379.04,0.00,380.29,7759.33,
Coffee Island HQ-27,2025-09-24,delivery,Swiggy-Bolt Urgent,11,4,1545.00,484.00,1061.00,120.00,59.05,1240.05,
Coffee Island HQ-27,2025-09-24,delivery,Zomato,16,8,2083.47,383.75,1699.72,240.00,96.99,2036.71,
Coffee Island HQ-27,2025-09-24,table,POS,126,36,15380.55,1130.87,14249.68,0.00,836.62,15086.30,
Coffee Island HQ-27,2025-09-24,takeout,Mobile App,4,3,809.00,514.00,295.00,5.00,15.65,315.65,
Coffee Island HQ-27,2025-09-24,takeout,POS,32,9,3202.40,465.96,2736.44,0.00,136.81,2873.25,
Coffee Island HQ-27,2025-09-25,delivery,Swiggy-Bolt Urgent,61,16,7888.15,2910.99,4977.16,480.00,272.86,5730.02,
Coffee Island HQ-27,2025-09-25,delivery,Zomato,31,9,4521.25,979.50,3541.75,270.00,190.59,4002.34,
Coffee Island HQ-27,2025-09-25,table,POS,103,34,13156.20,979.03,12177.17,0.00,650.25,12827.42,
Coffee Island HQ-27,2025-09-25,takeout,Mobile App,14,5,2122.00,500.00,1622.00,25.00,85.60,1732.60,
Coffee Island HQ-27,2025-09-25,takeout,POS,69,21,10195.26,381.25,9814.01,0.00,490.70,10304.71,
Coffee Island HQ-27,2025-09-26,delivery,Swiggy-Bolt Urgent,56,15,6977.67,1980.96,4996.71,450.00,272.32,5719.03,
Coffee Island HQ-27,2025-09-26,delivery,Zomato,44,15,6954.69,1239.25,5715.44,450.00,308.28,6473.72,
Coffee Island HQ-27,2025-09-26,table,POS,117,31,14721.44,984.30,13737.14,0.00,686.77,14423.91,
Coffee Island HQ-27,2025-09-26,takeout,POS,64,20,7712.95,1110.09,6602.86,0.00,330.11,6932.97,
Coffee Island HQ-27,2025-09-27,delivery,Swiggy,15,5,1816.25,910.00,906.25,150.00,52.82,1109.07,
Coffee Island HQ-27,2025-09-27,delivery,Zomato,43,14,5732.04,1751.00,3981.04,420.00,220.09,4621.13,
Coffee Island HQ-27,2025-09-27,table,POS,119,45,15414.09,594.79,14819.30,0.00,740.96,15560.26,
Coffee Island HQ-27,2025-09-27,takeout,Mobile App,3,2,1597.00,1264.00,333.00,5.00,17.56,355.56,
Coffee Island HQ-27,2025-09-27,takeout,POS,84,27,10967.55,326.00,10641.55,0.00,532.07,11173.62,
Coffee Island HQ-27,2025-09-28,delivery,Swiggy,56,14,7096.25,2992.99,4103.26,420.00,226.17,4749.43,
Coffee Island HQ-27,2025-09-28,delivery,Zomato,55,15,7027.50,1839.75,5187.75,450.00,281.92,5919.67,
Coffee Island HQ-27,2025-09-28,table,POS,58,16,7108.87,262.05,6846.82,0.00,388.29,7235.11,
Coffee Island HQ-27,2025-09-28,takeout,POS,26,7,3233.34,130.62,3102.72,0.00,155.13,3257.85,
Coffee Island HQ-27,2025-09-29,delivery,Swiggy,51,13,6971.25,2648.96,4322.29,390.00,235.62,4947.91,
Coffee Island HQ-27,2025-09-29,delivery,Zomato,31,7,4294.00,892.50,3401.50,210.00,180.58,3792.08,
Coffee Island HQ-27,2025-09-29,table,POS,76,25,9530.43,836.49,8693.94,0.00,480.65,9174.59,
Coffee Island HQ-27,2025-09-29,takeout,Mobile App,1,1,0.00,0.00,0.00,0.00,0.00,0.00,
Coffee Island HQ-27,2025-09-29,takeout,POS,98,27,12442.76,497.10,11945.66,0.00,597.25,12542.91,
Coffee Island HQ-27,2025-09-30,delivery,Swiggy,25,7,2862.50,1170.99,1691.51,210.00,95.07,1996.58,
Coffee Island HQ-27,2025-09-30,delivery,Zomato,17,6,2390.00,916.00,1474.00,180.00,82.72,1736.72,
Coffee Island HQ-27,2025-09-30,table,POS,81,24,7736.83,837.79,6899.04,0.00,344.94,7243.98,
Coffee Island HQ-27,2025-09-30,takeout,Mobile App,2,1,219.00,27.00,192.00,5.00,10.50,207.50,
Coffee Island HQ-27,2025-09-30,takeout,POS,79,23,10636.63,1223.40,9413.23,0.00,530.02,9943.25,
Coffee Island AIPL,2025-09-01,delivery,Zomato,4,2,1010.00,150.00,860.00,60.00,46.00,966.00,
Coffee Island AIPL,2025-09-01,table,POS,58,19,8685.00,616.00,8069.00,0.00,403.45,8472.45,
Coffee Island AIPL,2025-09-01,takeout,Mobile App,4,2,1400.00,200.00,1200.00,10.00,61.80,1271.80,
Coffee Island AIPL,2025-09-01,takeout,POS,21,8,2980.00,0.00,2980.00,0.00,111.00,3091.00,
Coffee Island AIPL,2025-09-02,delivery,Swiggy,3,1,540.00,150.00,390.00,30.00,21.00,441.00,
Coffee Island AIPL,2025-09-02,delivery,Zomato,10,3,1970.00,985.00,985.00,90.00,53.75,1128.75,
Coffee Island AIPL,2025-09-02,table,POS,76,21,8115.00,190.00,7925.00,0.00,396.25,8321.25,
Coffee Island AIPL,2025-09-02,takeout,Mobile App,4,1,440.00,100.00,340.00,5.00,17.90,362.90,
Coffee Island AIPL,2025-09-02,takeout,POS,43,12,5860.00,0.00,5860.00,0.00,127.00,5987.00,
Coffee Island AIPL,2025-09-03,delivery,Mobile App,4,1,652.00,100.00,552.00,10.00,36.04,598.04,
Coffee Island AIPL,2025-09-03,delivery,Swiggy,5,3,830.00,360.00,470.00,90.00,28.00,588.00,
Coffee Island AIPL,2025-09-03,delivery,Zomato,24,6,3895.00,1090.00,2805.00,180.00,149.25,3134.25,
Coffee Island AIPL,2025-09-03,table,POS,83,11,11109.75,158.00,10951.75,0.00,587.91,11539.66,
Coffee Island AIPL,2025-09-03,takeout,Mobile App,8,3,1680.00,300.00,1380.00,15.00,71.70,1466.70,
Coffee Island AIPL,2025-09-03,takeout,POS,26,9,3709.41,0.00,3709.41,0.00,200.34,3909.75,
Coffee Island AIPL,2025-09-04,delivery,Swiggy,12,2,1728.84,250.00,1478.84,60.00,269.20,1808.04,
Coffee Island AIPL,2025-09-04,delivery,Zomato,14,3,2540.00,844.00,1696.00,90.00,89.30,1875.30,
Coffee Island AIPL,2025-09-04,table,POS,72,26,10513.77,482.00,10031.77,0.00,558.90,10590.67,
Coffee Island AIPL,2025-09-04,takeout,Mobile App,7,2,1430.00,100.00,1330.00,10.00,68.30,1408.30,
Coffee Island AIPL,2025-09-04,takeout,POS,26,8,4077.50,0.00,4077.50,0.00,444.05,4521.55,
Coffee Island AIPL,2025-09-05,delivery,Mobile App,1,1,370.00,0.00,370.00,40.00,25.70,435.70,
Coffee Island AIPL,2025-09-05,delivery,Swiggy,7,2,775.00,199.99,575.01,60.00,31.75,666.76,
Coffee Island AIPL,2025-09-05,delivery,Zomato,23,4,3500.00,575.00,2925.00,120.00,152.26,3197.26,
Coffee Island AIPL,2025-09-05,table,POS,49,18,5965.20,164.13,5801.07,0.00,339.40,6140.47,
Coffee Island AIPL,2025-09-05,takeout,POS,18,9,2463.52,0.00,2463.52,0.00,171.99,2635.51,
Coffee Island AIPL,2025-09-06,delivery,Zomato,22,6,2975.00,1005.50,1969.50,180.00,107.48,2256.98,
Coffee Island AIPL,2025-09-06,table,POS,130,37,20958.10,362.00,20596.10,0.00,1029.81,21625.91,
Coffee Island AIPL,2025-09-06,takeout,Mobile App,4,2,830.00,370.00,460.00,5.00,23.90,488.90,
Coffee Island AIPL,2025-09-06,takeout,POS,63,22,9664.75,0.00,9664.75,0.00,507.25,10172.00,
Coffee Island AIPL,2025-09-07,delivery,Swiggy,4,1,540.00,125.00,415.00,30.00,22.25,467.25,
Coffee Island AIPL,2025-09-07,delivery,Zomato,17,4,2830.00,1145.00,1685.00,120.00,90.25,1895.25,
Coffee Island AIPL,2025-09-07,table,POS,114,31,17073.81,207.00,16866.81,0.00,901.84,17768.65,
Coffee Island AIPL,2025-09-07,takeout,Mobile App,3,2,520.00,0.00,520.00,10.00,27.80,557.80,
Coffee Island AIPL,2025-09-07,takeout,POS,51,15,7254.00,0.00,7254.00,0.00,401.70,7655.70,
Coffee Island AIPL,2025-09-08,delivery,Swiggy,4,1,540.00,125.00,415.00,30.00,22.25,467.25,
Coffee Island AIPL,2025-09-08,delivery,Zomato,2,1,250.00,50.00,200.00,30.00,11.50,241.50,
Coffee Island AIPL,2025-09-08,table,POS,27,10,3710.00,29.00,3681.00,0.00,184.05,3865.05,
Coffee Island AIPL,2025-09-08,takeout,Mobile App,8,3,1524.00,300.00,1224.00,15.00,74.86,1313.86,
Coffee Island AIPL,2025-09-08,takeout,POS,23,8,3275.00,0.00,3275.00,0.00,163.75,3438.75,
Coffee Island AIPL,2025-09-09,delivery,Swiggy-Bolt Urgent,2,1,270.00,80.00,190.00,30.00,11.00,231.00,
Coffee Island AIPL,2025-09-09,delivery,Zomato,28,6,3450.00,1183.00,2267.00,180.00,122.35,2569.35,
Coffee Island AIPL,2025-09-09,table,POS,95,25,17610.63,1983.74,15626.89,0.00,851.43,16478.32,
Coffee Island AIPL,2025-09-09,takeout,Mobile App,12,3,3005.00,403.00,2602.00,15.00,198.60,2815.60,
Coffee Island AIPL,2025-09-09,takeout,POS,11,5,1164.75,0.00,1164.75,0.00,82.25,1247.00,
Coffee Island AIPL,2025-09-10,delivery,Swiggy,4,1,645.00,149.99,495.01,30.00,26.25,551.26,
Coffee Island AIPL,2025-09-10,delivery,Zomato,17,5,2126.18,618.00,1508.18,150.00,99.74,1757.92,
Coffee Island AIPL,2025-09-10,table,POS,50,16,5860.00,85.00,5775.00,0.00,288.75,6063.75,
Coffee Island AIPL,2025-09-10,takeout,Mobile App,6,2,862.00,200.00,662.00,10.00,40.89,712.89,
Coffee Island AIPL,2025-09-10,takeout,POS,18,7,2140.00,52.00,2088.00,0.00,104.40,2192.40,
Coffee Island AIPL,2025-09-11,delivery,Swiggy,3,1,520.00,206.00,314.00,30.00,17.20,361.20,
Coffee Island AIPL,2025-09-11,delivery,Zomato,21,7,2610.00,1033.00,1577.00,210.00,89.35,1876.35,
Coffee Island AIPL,2025-09-11,table,POS,53,16,7616.61,0.00,7616.61,0.00,388.64,8005.25,
Coffee Island AIPL,2025-09-11,takeout,POS,20,6,2730.85,0.00,2730.85,0.00,188.65,2919.50,
Coffee Island AIPL,2025-09-12,delivery,Swiggy,2,1,255.00,80.00,175.00,30.00,10.25,215.25,
Coffee Island AIPL,2025-09-12,delivery,Zomato,23,7,2880.00,1069.00,1811.00,210.00,101.05,2122.05,
Coffee Island AIPL,2025-09-12,table,POS,66,24,9256.24,629.00,8627.24,0.00,465.07,9092.31,
Coffee Island AIPL,2025-09-12,takeout,Mobile App,3,1,520.00,100.00,420.00,5.00,21.90,446.90,
Coffee Island AIPL,2025-09-12,takeout,POS,23,9,3180.00,0.00,3180.00,0.00,159.00,3339.00,
Coffee Island AIPL,2025-09-13,delivery,Mobile App,5,1,980.00,100.00,880.00,10.00,45.80,935.80,
Coffee Island AIPL,2025-09-13,delivery,Swiggy,6,3,1311.61,354.99,956.62,90.00,52.33,1098.95,
Coffee Island AIPL,2025-09-13,delivery,Zomato,13,3,2106.95,276.00,1830.95,90.00,141.32,2062.27,
Coffee Island AIPL,2025-09-13,table,POS,109,32,15441.36,424.00,15017.36,0.00,767.94,15785.30,
Coffee Island AIPL,2025-09-13,takeout,POS,39,13,5305.00,0.00,5305.00,0.00,265.25,5570.25,
Coffee Island AIPL,2025-09-14,delivery,Swiggy,8,3,980.00,341.00,639.00,90.00,36.45,765.45,
Coffee Island AIPL,2025-09-14,delivery,Zomato,32,8,4703.22,1219.00,3484.22,240.00,186.21,3910.43,
Coffee Island AIPL,2025-09-14,table,POS,166,40,24078.89,282.00,23796.89,0.00,1304.99,25101.88,
Coffee Island AIPL,2025-09-14,takeout,Mobile App,4,3,1040.00,100.00,940.00,15.00,49.70,1004.70,
Coffee Island AIPL,2025-09-14,takeout,POS,13,4,2280.00,0.00,2280.00,0.00,114.00,2394.00,
Coffee Island AIPL,2025-09-15,delivery,Zomato,14,4,1930.00,668.00,1262.00,120.00,69.10,1451.10,
Coffee Island AIPL,2025-09-15,table,POS,107,24,15745.31,2034.00,13711.31,0.00,715.75,14427.06,
Coffee Island AIPL,2025-09-15,takeout,Mobile App,6,2,1570.00,422.00,1148.00,10.00,59.21,1217.21,
Coffee Island AIPL,2025-09-15,takeout,POS,3,2,1085.24,0.00,1085.24,0.00,155.04,1240.28,
Coffee Island AIPL,2025-09-16,delivery,Swiggy,11,6,1982.04,555.98,1426.06,180.00,126.60,1732.66,
Coffee Island AIPL,2025-09-16,delivery,Zomato,18,8,3120.00,893.00,2227.00,240.00,123.35,2590.35,
Coffee Island AIPL,2025-09-16,table,POS,55,16,7455.25,240.00,7215.25,0.00,371.70,7586.95,
Coffee Island AIPL,2025-09-16,takeout,Mobile App,3,1,600.00,0.00,600.00,5.00,30.90,635.90,
Coffee Island AIPL,2025-09-16,takeout,POS,17,7,2480.00,0.00,2480.00,0.00,124.00,2604.00,
Coffee Island AIPL,2025-09-17,delivery,Zomato,20,4,3075.00,958.00,2117.00,120.00,111.84,2348.84,
Coffee Island AIPL,2025-09-17,table,POS,40,13,5588.39,0.00,5588.39,0.00,289.11,5877.50,
Coffee Island AIPL,2025-09-17,takeout,POS,16,4,2073.64,0.00,2073.64,0.00,134.85,2208.49,
Coffee Island AIPL,2025-09-18,delivery,Swiggy,3,1,440.00,101.00,339.00,30.00,18.45,387.45,
Coffee Island AIPL,2025-09-18,delivery,Zomato,13,5,2120.00,591.00,1529.00,150.00,83.95,1762.95,
Coffee Island AIPL,2025-09-18,table,POS,61,19,9817.00,128.00,9689.00,0.00,484.45,10173.45,
Coffee Island AIPL,2025-09-18,takeout,Mobile App,7,2,1820.00,100.00,1720.00,10.00,87.80,1817.80,
Coffee Island AIPL,2025-09-18,takeout,POS,14,6,1921.61,0.00,1921.61,0.00,103.89,2025.50,
Coffee Island AIPL,2025-09-19,delivery,Zomato,16,6,2770.00,610.00,2160.00,180.00,173.33,2513.33,
Coffee Island AIPL,2025-09-19,table,POS,76,21,9402.49,727.81,8674.68,0.00,477.58,9152.26,
Coffee Island AIPL,2025-09-19,takeout,Mobile App,4,2,997.00,124.00,873.00,10.00,96.54,979.54,
Coffee Island AIPL,2025-09-19,takeout,POS,6,2,790.00,0.00,790.00,0.00,39.50,829.50,
Coffee Island AIPL,2025-09-20,delivery,Swiggy-Bolt Urgent,1,1,230.00,0.00,230.00,30.00,13.00,273.00,
Coffee Island AIPL,2025-09-20,delivery,Zomato,6,3,1100.00,210.00,890.00,90.00,49.00,1029.00,
Coffee Island AIPL,2025-09-20,table,POS,136,35,22150.17,68.00,22082.17,0.00,1243.02,23325.19,
Coffee Island AIPL,2025-09-20,takeout,POS,30,11,4870.00,0.00,4870.00,0.00,243.50,5113.50,
Coffee Island AIPL,2025-09-21,delivery,Zomato,22,7,3210.00,927.00,2283.00,210.00,124.65,2617.65,
Coffee Island AIPL,2025-09-21,table,POS,151,37,23701.02,371.00,23330.02,0.00,1322.32,24652.34,
Coffee Island AIPL,2025-09-21,takeout,Mobile App,13,3,2440.00,300.00,2140.00,15.00,109.71,2264.71,
Coffee Island AIPL,2025-09-21,takeout,POS,33,10,4330.00,0.00,4330.00,0.00,216.50,4546.50,
Coffee Island AIPL,2025-09-22,delivery,Zomato,23,7,3345.00,1012.50,2332.50,210.00,127.13,2669.63,
Coffee Island AIPL,2025-09-22,table,POS,72,24,10824.24,504.00,10320.24,0.00,532.62,10852.86,
Coffee Island AIPL,2025-09-22,takeout,Mobile App,4,1,765.00,223.00,542.00,5.00,28.00,575.00,
Coffee Island AIPL,2025-09-22,takeout,POS,33,8,3654.41,0.00,3654.41,0.00,182.72,3837.13,
Coffee Island AIPL,2025-09-23,delivery,Zomato,8,2,1080.00,540.00,540.00,60.00,30.00,630.00,
Coffee Island AIPL,2025-09-23,table,POS,67,22,7538.10,326.00,7212.10,0.00,360.61,7572.71,
Coffee Island AIPL,2025-09-23,takeout,POS,10,3,2325.00,0.00,2325.00,0.00,116.25,2441.25,
Coffee Island AIPL,2025-09-24,delivery,Zomato,9,5,1680.00,235.00,1445.00,150.00,79.75,1674.75,
Coffee Island AIPL,2025-09-24,table,POS,76,21,8229.00,369.00,7860.00,0.00,393.00,8253.00,
Coffee Island AIPL,2025-09-24,takeout,Mobile App,3,1,300.00,30.00,270.00,5.00,14.40,289.40,
Coffee Island AIPL,2025-09-24,takeout,POS,16,5,1640.00,0.00,1640.00,0.00,82.00,1722.00,
Coffee Island AIPL,2025-09-25,delivery,Zomato,28,8,3570.00,1413.00,2157.00,240.00,119.86,2516.86,
Coffee Island AIPL,2025-09-25,table,POS,59,14,8186.61,224.00,7962.61,0.00,398.13,8360.74,
Coffee Island AIPL,2025-09-25,takeout,Mobile App,3,1,910.00,100.00,810.00,5.00,41.40,856.40,
Coffee Island AIPL,2025-09-25,takeout,POS,24,7,3636.61,0.00,3636.61,0.00,181.83,3818.44,
Coffee Island AIPL,2025-09-26,delivery,Swiggy,3,2,784.42,159.99,624.43,60.00,47.19,731.62,
Coffee Island AIPL,2025-09-26,delivery,Zomato,13,5,1840.00,454.00,1386.00,150.00,76.80,1612.80,
Coffee Island AIPL,2025-09-26,table,POS,74,25,10238.10,607.00,9631.10,0.00,481.57,10112.67,
Coffee Island AIPL,2025-09-26,takeout,Mobile App,1,1,350.00,100.00,250.00,5.00,13.40,268.40,
Coffee Island AIPL,2025-09-26,takeout,POS,29,10,4721.36,0.00,4721.36,0.00,282.04,5003.40,
Coffee Island AIPL,2025-09-27,delivery,Swiggy,11,2,1630.00,399.99,1230.01,60.00,64.51,1354.52,
Coffee Island AIPL,2025-09-27,delivery,Zomato,17,4,2370.00,1100.00,1270.00,120.00,69.50,1459.50,
Coffee Island AIPL,2025-09-27,table,POS,173,48,26469.42,286.00,26183.42,0.00,1309.18,27492.60,
Coffee Island AIPL,2025-09-27,takeout,POS,22,10,3335.17,0.00,3335.17,0.00,166.76,3501.93,
Coffee Island AIPL,2025-09-28,delivery,Swiggy,6,1,1580.00,199.97,1380.03,30.00,70.52,1480.55,
Coffee Island AIPL,2025-09-28,delivery,Zomato,25,7,3635.00,850.50,2784.50,210.00,149.74,3144.24,
Coffee Island AIPL,2025-09-28,table,POS,147,37,21218.46,344.00,20874.46,0.00,1043.73,21918.19,
Coffee Island AIPL,2025-09-28,takeout,POS,19,7,3138.06,0.00,3138.06,0.00,202.87,3340.93,
Coffee Island AIPL,2025-09-29,delivery,Swiggy,4,1,580.00,79.99,500.01,30.00,26.50,556.51,
Coffee Island AIPL,2025-09-29,delivery,Zomato,33,9,4600.00,1078.00,3522.00,270.00,189.60,3981.60,
Coffee Island AIPL,2025-09-29,table,POS,32,12,3365.00,0.00,3365.00,0.00,168.25,3533.25,
Coffee Island AIPL,2025-09-29,takeout,POS,18,7,2750.00,0.00,2750.00,0.00,137.50,2887.50,
Coffee Island AIPL,2025-09-30,delivery,Swiggy,2,1,270.00,0.00,270.00,30.00,15.00,315.00,
Coffee Island AIPL,2025-09-30,delivery,Zomato,10,3,1175.00,220.00,955.00,90.00,52.25,1097.25,
Coffee Island AIPL,2025-09-30,table,POS,55,15,7708.10,0.00,7708.10,0.00,385.41,8093.51,
Coffee Island AIPL,2025-09-30,takeout,Mobile App,1,1,380.00,19.00,361.00,5.00,18.95,384.95,
Coffee Island AIPL,2025-09-30,takeout,POS,27,7,2822.46,0.00,2822.46,0.00,141.12,2963.58,
Coffee Island - Amanora Mall,2025-09-04,table,POS,11,6,2840.00,0.00,2840.00,0.00,142.00,2982.00,
Coffee Island - Amanora Mall,2025-09-09,delivery,Mobile App,1,1,38.00,0.00,38.00,55.00,11.80,104.80,
Coffee Island - Amanora Mall,2025-09-09,takeout,Mobile App,1,1,38.00,0.00,38.00,5.00,2.80,45.80,
Coffee Island - Amanora Mall,2025-09-10,table,POS,5,4,0.00,0.00,0.00,0.00,0.00,0.00,
Coffee Island - Amanora Mall,2025-09-11,delivery,Mobile App,1,1,38.00,0.00,38.00,55.00,11.80,104.80,
Coffee Island - Amanora Mall,2025-09-11,table,POS,324,72,38922.63,8295.30,30627.33,0.00,1649.61,32276.94,
Coffee Island - Amanora Mall,2025-09-11,takeout,Mobile App,1,1,320.00,164.00,156.00,5.00,8.70,169.70,
Coffee Island - Amanora Mall,2025-09-11,takeout,POS,104,25,12556.47,297.00,12259.47,0.00,640.07,12899.54,
Coffee Island - Amanora Mall,2025-09-12,table,POS,253,65,27502.24,297.10,27205.14,0.00,1398.57,28603.71,
Coffee Island - Amanora Mall,2025-09-12,takeout,POS,95,25,10800.37,1789.00,9011.37,0.00,497.40,9508.77,
Coffee Island - Amanora Mall,2025-09-13,delivery,Mobile App,1,1,38.00,14.00,24.00,55.00,11.10,90.10,
Coffee Island - Amanora Mall,2025-09-13,delivery,Zomato,3,2,840.00,100.00,740.00,60.00,40.00,840.00,
Coffee Island - Amanora Mall,2025-09-13,table,POS,417,107,52962.47,0.00,52962.47,0.00,2676.87,55639.34,
Coffee Island - Amanora Mall,2025-09-13,takeout,Mobile App,5,1,940.00,100.00,840.00,5.00,42.91,887.91,
Coffee Island - Amanora Mall,2025-09-13,takeout,POS,69,18,8951.20,3629.00,5322.20,0.00,337.61,5659.81,
Coffee Island - Amanora Mall,2025-09-14,delivery,Mobile App,12,2,1718.00,200.00,1518.00,50.00,93.76,1661.76,
Coffee Island - Amanora Mall,2025-09-14,delivery,Zomato,4,1,740.00,200.00,540.00,30.00,28.51,598.51,
Coffee Island - Amanora Mall,2025-09-14,table,POS,425,111,64642.05,18.00,64624.05,0.00,3261.83,67885.88,
Coffee Island - Amanora Mall,2025-09-14,takeout,Mobile App,37,11,6685.00,1000.00,5685.00,55.00,294.15,6034.15,
Coffee Island - Amanora Mall,2025-09-14,takeout,POS,36,12,5331.85,5.00,5326.85,0.00,274.15,5601.00,
Coffee Island - Amanora Mall,2025-09-15,delivery,Zomato,1,1,296.61,50.00,246.61,30.00,13.83,290.44,
Coffee Island - Amanora Mall,2025-09-15,table,POS,118,30,14098.10,0.00,14098.10,0.00,704.91,14803.01,
Coffee Island - Amanora Mall,2025-09-15,takeout,Mobile App,7,2,1295.00,200.00,1095.00,10.00,56.55,1161.55,
Coffee Island - Amanora Mall,2025-09-15,takeout,POS,7,3,1180.00,0.00,1180.00,0.00,59.00,1239.00,
Coffee Island - Amanora Mall,2025-09-16,delivery,Zomato,7,2,870.00,66.00,804.00,60.00,43.20,907.20,
Coffee Island - Amanora Mall,2025-09-16,table,POS,86,33,11198.47,0.00,11198.47,0.00,587.02,11785.49,
Coffee Island - Amanora Mall,2025-09-16,takeout,POS,73,19,11474.30,2130.00,9344.30,0.00,467.23,9811.53,
Coffee Island - Amanora Mall,2025-09-17,delivery,Zomato,2,1,540.00,0.00,540.00,30.00,28.50,598.50,
Coffee Island - Amanora Mall,2025-09-17,table,POS,155,46,22577.22,40.00,22537.22,0.00,1188.55,23725.77,
Coffee Island - Amanora Mall,2025-09-17,takeout,Mobile App,6,1,710.00,100.00,610.00,5.00,31.40,646.40,
Coffee Island - Amanora Mall,2025-09-17,takeout,POS,22,7,3213.39,0.00,3213.39,0.00,170.36,3383.75,
Coffee Island - Amanora Mall,2025-09-18,table,POS,130,41,16553.10,52.00,16501.10,0.00,825.06,17326.16,
Coffee Island - Amanora Mall,2025-09-18,takeout,Mobile App,5,1,1068.00,100.00,968.00,5.00,49.29,1022.29,
Coffee Island - Amanora Mall,2025-09-18,takeout,POS,24,9,3650.90,2080.00,1570.90,0.00,103.11,1674.01,
Coffee Island - Amanora Mall,2025-09-19,delivery,Swiggy,4,2,1020.00,79.99,940.01,0.00,47.00,987.01,
Coffee Island - Amanora Mall,2025-09-19,table,POS,213,60,28861.20,19.00,28842.20,0.00,1442.12,30284.32,
Coffee Island - Amanora Mall,2025-09-19,takeout,Mobile App,6,2,1115.00,200.00,915.00,10.00,47.55,972.55,
Coffee Island - Amanora Mall,2025-09-19,takeout,POS,64,19,9449.30,1890.00,7559.30,0.00,377.98,7937.28,
Coffee Island - Amanora Mall,2025-09-20,table,POS,171,51,26870.34,0.00,26870.34,0.00,1406.40,28276.74,
Coffee Island - Amanora Mall,2025-09-20,takeout,Mobile App,18,6,2850.00,600.00,2250.00,30.00,117.90,2397.90,
Coffee Island - Amanora Mall,2025-09-20,takeout,POS,319,91,52702.73,227.00,52475.73,0.00,2807.99,55283.72,
Coffee Island - Amanora Mall,2025-09-21,delivery,Swiggy,3,1,590.00,79.99,510.01,0.00,25.50,535.51,
Coffee Island - Amanora Mall,2025-09-21,table,POS,228,59,36497.05,20.00,36477.05,0.00,1836.97,38314.02,
Coffee Island - Amanora Mall,2025-09-21,takeout,Mobile App,9,2,2317.00,200.00,2117.00,10.00,154.19,2281.19,
Coffee Island - Amanora Mall,2025-09-21,takeout,POS,339,98,54271.47,48.00,54223.47,0.00,3105.33,57328.80,
Coffee Island - Amanora Mall,2025-09-22,table,POS,145,42,19613.10,0.00,19613.10,0.00,980.66,20593.76,
Coffee Island - Amanora Mall,2025-09-22,takeout,POS,49,15,8409.00,0.00,8409.00,0.00,420.45,8829.45,
Coffee Island - Amanora Mall,2025-09-23,delivery,Swiggy,2,2,755.42,80.00,675.42,0.00,33.77,709.19,
Coffee Island - Amanora Mall,2025-09-23,table,POS,132,38,16841.19,174.00,16667.19,0.00,833.35,17500.54,
Coffee Island - Amanora Mall,2025-09-23,takeout,Mobile App,5,1,579.00,130.00,449.00,5.00,23.35,477.35,
Coffee Island - Amanora Mall,2025-09-23,takeout,POS,16,5,1751.61,0.00,1751.61,0.00,87.58,1839.19,
Coffee Island - Amanora Mall,2025-09-24,delivery,POS,1,1,38.10,0.00,38.10,0.00,1.91,40.01,
Coffee Island - Amanora Mall,2025-09-24,delivery,Swiggy,2,1,369.50,0.00,369.50,0.00,18.48,387.98,
Coffee Island - Amanora Mall,2025-09-24,table,POS,92,33,12258.15,0.00,12258.15,0.00,612.92,12871.07,
Coffee Island - Amanora Mall,2025-09-24,takeout,Mobile App,2,1,690.00,100.00,590.00,5.00,30.40,625.40,
Coffee Island - Amanora Mall,2025-09-24,takeout,POS,54,17,8891.20,0.00,8891.20,0.00,444.57,9335.77,
Coffee Island - Amanora Mall,2025-09-25,delivery,Swiggy,2,1,309.32,79.99,229.33,0.00,11.47,240.80,
Coffee Island - Amanora Mall,2025-09-25,table,POS,145,51,19630.23,56.00,19574.23,0.00,1024.71,20598.94,
Coffee Island - Amanora Mall,2025-09-25,takeout,Mobile App,9,3,1688.00,300.00,1388.00,15.00,72.10,1475.10,
Coffee Island - Amanora Mall,2025-09-25,takeout,POS,31,7,5083.10,1960.00,3123.10,0.00,156.16,3279.26,
Coffee Island - Amanora Mall,2025-09-26,delivery,Swiggy,6,2,890.00,80.00,810.00,0.00,40.50,850.50,
Coffee Island - Amanora Mall,2025-09-26,table,POS,187,53,27904.81,0.00,27904.81,0.00,1409.41,29314.22,
Coffee Island - Amanora Mall,2025-09-26,takeout,Mobile App,15,4,3020.00,400.00,2620.00,20.00,134.61,2774.61,
Coffee Island - Amanora Mall,2025-09-26,takeout,POS,26,10,3756.20,0.00,3756.20,0.00,187.82,3944.02,
Coffee Island - Amanora Mall,2025-09-27,delivery,Mobile App,1,1,417.00,100.00,317.00,55.00,25.75,397.75,
Coffee Island - Amanora Mall,2025-09-27,table,POS,454,113,65762.64,190.10,65572.54,0.00,3278.62,68851.16,
Coffee Island - Amanora Mall,2025-09-27,takeout,Mobile App,26,9,6060.00,1940.00,4120.00,45.00,214.10,4379.10,
Coffee Island - Amanora Mall,2025-09-27,takeout,POS,54,17,8139.00,0.00,8139.00,0.00,406.95,8545.95,
Coffee Island - Amanora Mall,2025-09-28,delivery,Mobile App,5,1,750.00,100.00,650.00,25.00,37.01,712.01,
Coffee Island - Amanora Mall,2025-09-28,delivery,Zomato,7,3,1232.54,198.00,1034.54,90.00,56.23,1180.77,
Coffee Island - Amanora Mall,2025-09-28,table,POS,351,95,52308.01,96.00,52212.01,0.00,2656.56,54868.57,
Coffee Island - Amanora Mall,2025-09-28,takeout,Mobile App,54,14,8933.00,1400.00,7533.00,70.00,389.24,7992.24,
Coffee Island - Amanora Mall,2025-09-28,takeout,POS,180,43,23931.25,17.00,23914.25,0.00,1173.28,25087.53,
Coffee Island - Amanora Mall,2025-09-29,table,POS,105,37,14143.65,89.00,14054.65,0.00,702.73,14757.38,
Coffee Island - Amanora Mall,2025-09-29,takeout,Mobile App,12,4,2481.00,400.00,2081.00,20.00,107.65,2208.65,
Coffee Island - Amanora Mall,2025-09-29,takeout,POS,14,6,2520.00,0.00,2520.00,0.00,126.00,2646.00,
Coffee Island - Amanora Mall,2025-09-30,delivery,Swiggy,2,1,320.00,80.00,240.00,0.00,12.01,252.01,
Coffee Island - Amanora Mall,2025-09-30,delivery,Zomato,5,1,650.00,256.00,394.00,30.00,21.21,445.21,
Coffee Island - Amanora Mall,2025-09-30,table,POS,160,43,24646.25,104.00,24542.25,0.00,1227.13,25769.38,
Coffee Island - Amanora Mall,2025-09-30,takeout,Mobile App,14,4,2500.00,233.00,2267.00,20.00,116.96,2403.96,
Coffee Island - Amanora Mall,2025-09-30,takeout,POS,11,2,1580.00,0.00,1580.00,0.00,79.00,1659.00,
Coffee Island - Tribeca Pune,2025-09-05,table,POS,3,3,990.00,0.00,990.00,0.00,49.50,1039.50,
Coffee Island - Tribeca Pune,2025-09-09,table,POS,3,2,660.00,0.00,660.00,0.00,33.00,693.00,
Coffee Island - Tribeca Pune,2025-09-11,table,POS,222,58,25988.73,5637.00,20351.73,0.00,1207.16,21558.89,
Coffee Island - Tribeca Pune,2025-09-11,takeout,POS,41,10,3346.80,465.00,2881.80,0.00,211.40,3093.20,
Coffee Island - Tribeca Pune,2025-09-12,table,POS,246,62,22965.66,0.00,22965.66,0.00,1169.21,24134.87,
Coffee Island - Tribeca Pune,2025-09-12,takeout,Mobile App,5,1,849.00,100.00,749.00,5.00,135.72,889.72,
Coffee Island - Tribeca Pune,2025-09-12,takeout,POS,26,8,3021.61,0.00,3021.61,0.00,189.64,3211.25,
Coffee Island - Tribeca Pune,2025-09-13,delivery,Swiggy,2,1,210.00,0.00,210.00,0.00,10.50,220.50,
Coffee Island - Tribeca Pune,2025-09-13,delivery,Zomato,2,1,210.00,42.00,168.00,30.00,9.90,207.90,
Coffee Island - Tribeca Pune,2025-09-13,table,POS,379,84,42063.32,1965.00,40098.32,0.00,2059.54,42157.86,
Coffee Island - Tribeca Pune,2025-09-13,takeout,Mobile App,9,2,1651.00,100.00,1551.00,10.00,91.59,1652.59,
Coffee Island - Tribeca Pune,2025-09-13,takeout,POS,26,8,2728.00,0.00,2728.00,0.00,136.40,2864.40,
Coffee Island - Tribeca Pune,2025-09-14,delivery,Zomato,4,1,590.00,100.00,490.00,30.00,26.00,546.00,
Coffee Island - Tribeca Pune,2025-09-14,table,POS,272,70,42432.84,0.00,42432.84,0.00,2144.46,44577.30,
Coffee Island - Tribeca Pune,2025-09-14,takeout,Mobile App,9,4,2010.00,400.00,1610.00,20.00,84.10,1714.10,
Coffee Island - Tribeca Pune,2025-09-14,takeout,POS,34,10,4931.95,32.00,4899.95,0.00,338.20,5238.15,
Coffee Island - Tribeca Pune,2025-09-15,delivery,Swiggy,7,2,790.00,0.00,790.00,0.00,39.50,829.50,
Coffee Island - Tribeca Pune,2025-09-15,table,POS,79,28,11240.00,116.00,11124.00,0.00,556.20,11680.20,
Coffee Island - Tribeca Pune,2025-09-15,takeout,Mobile App,12,4,2188.00,400.00,1788.00,20.00,114.14,1922.14,
Coffee Island - Tribeca Pune,2025-09-15,takeout,POS,8,3,750.00,0.00,750.00,0.00,37.50,787.50,
Coffee Island - Tribeca Pune,2025-09-16,table,POS,98,26,12404.80,181.00,12223.80,0.00,676.41,12900.21,
Coffee Island - Tribeca Pune,2025-09-16,takeout,Mobile App,16,7,3129.00,606.00,2523.00,35.00,155.36,2713.36,
Coffee Island - Tribeca Pune,2025-09-16,takeout,POS,13,5,2490.00,0.00,2490.00,0.00,124.50,2614.50,
Coffee Island - Tribeca Pune,2025-09-17,delivery,Zomato,5,2,840.00,100.00,740.00,60.00,40.00,840.00,
Coffee Island - Tribeca Pune,2025-09-17,table,POS,100,35,11361.49,0.00,11361.49,0.00,577.77,11939.26,
Coffee Island - Tribeca Pune,2025-09-17,takeout,Mobile App,3,1,520.00,100.00,420.00,5.00,21.90,446.90,
Coffee Island - Tribeca Pune,2025-09-17,takeout,POS,4,2,618.39,0.00,618.39,0.00,40.61,659.00,
Coffee Island - Tribeca Pune,2025-09-18,table,POS,112,30,17010.59,4720.00,12290.59,0.00,736.16,13026.75,
Coffee Island - Tribeca Pune,2025-09-18,takeout,Mobile App,9,3,1944.00,300.00,1644.00,15.00,102.55,1761.55,
Coffee Island - Tribeca Pune,2025-09-18,takeout,POS,12,4,1128.47,55.00,1073.47,0.00,73.62,1147.09,
Coffee Island - Tribeca Pune,2025-09-19,table,POS,201,49,27567.17,0.00,27567.17,0.00,1442.58,29009.75,
Coffee Island - Tribeca Pune,2025-09-19,takeout,POS,31,10,4333.56,0.00,4333.56,0.00,317.69,4651.25,
Coffee Island - Tribeca Pune,2025-09-20,delivery,Zomato,2,1,690.00,100.00,590.00,30.00,31.00,651.00,
Coffee Island - Tribeca Pune,2025-09-20,table,POS,395,102,63693.28,56.00,63637.28,0.00,3269.18,66906.46,
Coffee Island - Tribeca Pune,2025-09-20,takeout,Mobile App,11,5,2040.00,495.00,1545.00,20.00,80.85,1645.85,
Coffee Island - Tribeca Pune,2025-09-20,takeout,POS,51,17,7028.47,0.00,7028.47,0.00,417.52,7445.99,
Coffee Island - Tribeca Pune,2025-09-21,delivery,Zomato,7,2,1140.00,179.00,961.00,60.00,51.04,1072.04,
Coffee Island - Tribeca Pune,2025-09-21,table,POS,330,90,50610.36,343.00,50267.36,0.00,2560.51,52827.87,
Coffee Island - Tribeca Pune,2025-09-21,takeout,Mobile App,4,1,520.00,100.00,420.00,5.00,21.90,446.90,
Coffee Island - Tribeca Pune,2025-09-21,takeout,POS,53,16,5797.03,0.00,5797.03,0.00,379.96,6176.99,
Coffee Island - Tribeca Pune,2025-09-22,table,POS,134,37,18950.42,50.00,18900.42,0.00,945.02,19845.44,
Coffee Island - Tribeca Pune,2025-09-22,takeout,Mobile App,3,1,370.00,100.00,270.00,5.00,14.40,289.40,
Coffee Island - Tribeca Pune,2025-09-22,takeout,POS,12,5,1253.10,0.00,1253.10,0.00,62.66,1315.76,
Coffee Island - Tribeca Pune,2025-09-23,delivery,Zomato,3,1,531.86,40.00,491.86,30.00,26.09,547.95,
Coffee Island - Tribeca Pune,2025-09-23,table,POS,133,35,20690.18,0.00,20690.18,0.00,1034.51,21724.69,
Coffee Island - Tribeca Pune,2025-09-23,takeout,POS,7,4,1045.00,0.00,1045.00,0.00,52.25,1097.25,
Coffee Island - Tribeca Pune,2025-09-24,delivery,Zomato,5,2,990.00,153.00,837.00,60.00,44.84,941.84,
Coffee Island - Tribeca Pune,2025-09-24,table,POS,139,39,22019.41,174.00,21845.41,0.00,1092.27,22937.68,
Coffee Island - Tribeca Pune,2025-09-24,takeout,Mobile App,2,1,660.00,131.00,529.00,5.00,27.36,561.36,
Coffee Island - Tribeca Pune,2025-09-24,takeout,POS,4,1,590.00,43.00,547.00,0.00,27.35,574.35,
Coffee Island - Tribeca Pune,2025-09-25,delivery,Swiggy,2,1,260.00,80.00,180.00,0.00,9.00,189.00,
Coffee Island - Tribeca Pune,2025-09-25,table,POS,113,38,16325.80,0.00,16325.80,0.00,907.16,17232.96,
Coffee Island - Tribeca Pune,2025-09-25,takeout,POS,12,5,1680.00,0.00,1680.00,0.00,84.00,1764.00,
Coffee Island - Tribeca Pune,2025-09-26,delivery,Zomato,8,2,1590.00,345.00,1245.00,60.00,65.25,1370.25,
Coffee Island - Tribeca Pune,2025-09-26,table,POS,160,50,24212.59,88.00,24124.59,0.00,1206.23,25330.82,
Coffee Island - Tribeca Pune,2025-09-26,takeout,Mobile App,4,2,1280.00,200.00,1080.00,10.00,55.80,1145.80,
Coffee Island - Tribeca Pune,2025-09-26,takeout,POS,19,6,1700.00,0.00,1700.00,0.00,85.00,1785.00,
Coffee Island - Tribeca Pune,2025-09-27,delivery,Swiggy,1,1,310.00,80.00,230.00,0.00,11.50,241.50,
Coffee Island - Tribeca Pune,2025-09-27,delivery,Zomato,4,2,880.00,90.00,790.00,60.00,42.50,892.50,
Coffee Island - Tribeca Pune,2025-09-27,table,POS,284,77,40614.54,93.00,40521.54,0.00,2026.09,42547.63,
Coffee Island - Tribeca Pune,2025-09-27,takeout,POS,33,13,5511.28,40.00,5471.28,0.00,273.57,5744.85,
Coffee Island - Tribeca Pune,2025-09-28,delivery,Mobile App,4,1,650.00,100.00,550.00,25.00,32.00,607.00,
Coffee Island - Tribeca Pune,2025-09-28,delivery,Swiggy,5,1,550.00,74.99,475.01,0.00,23.75,498.76,
Coffee Island - Tribeca Pune,2025-09-28,delivery,Zomato,18,5,2640.00,701.00,1939.00,150.00,104.45,2193.45,
Coffee Island - Tribeca Pune,2025-09-28,table,POS,351,89,51334.75,39.00,51295.75,0.00,2564.79,53860.54,
Coffee Island - Tribeca Pune,2025-09-28,takeout,Mobile App,19,5,2800.00,532.00,2268.00,25.00,117.90,2410.90,
Coffee Island - Tribeca Pune,2025-09-28,takeout,POS,48,17,7450.84,0.00,7450.84,0.00,372.53,7823.37,
Coffee Island - Tribeca Pune,2025-09-29,delivery,Swiggy,10,2,1740.00,159.98,1580.02,0.00,79.00,1659.02,
Coffee Island - Tribeca Pune,2025-09-29,table,POS,124,37,18875.28,140.00,18735.28,0.00,936.77,19672.05,
Coffee Island - Tribeca Pune,2025-09-29,takeout,Mobile App,3,1,498.00,100.00,398.00,5.00,20.80,423.80,
Coffee Island - Tribeca Pune,2025-09-29,takeout,POS,27,9,4405.00,0.00,4405.00,0.00,220.25,4625.25,
Coffee Island - Tribeca Pune,2025-09-30,table,POS,106,34,17329.32,262.00,17067.32,0.00,853.36,17920.68,
Coffee Island - Tribeca Pune,2025-09-30,takeout,Mobile App,8,2,1870.00,100.00,1770.00,10.00,90.30,1870.30,
Coffee Island - Tribeca Pune,2025-09-30,takeout,POS,3,2,562.80,0.00,562.80,0.00,28.14,590.94,
Coffee Island Eros Churchgate - Mumbai,2025-09-10,table,POS,4,3,1050.00,0.00,1050.00,0.00,52.50,1102.50,
Coffee Island Eros Churchgate - Mumbai,2025-09-16,table,POS,1,1,230.00,0.00,230.00,0.00,11.50,241.50,
Coffee Island Eros Churchgate - Mumbai,2025-09-17,table,POS,3,3,810.00,0.00,810.00,0.00,40.50,850.50,
Coffee Island Eros Churchgate - Mumbai,2025-09-18,table,POS,2,2,440.00,0.00,440.00,0.00,22.00,462.00,
Coffee Island Eros Churchgate - Mumbai,2025-09-22,table,POS,8,8,2030.00,0.00,2030.00,0.00,101.50,2131.50,
Coffee Island Eros Churchgate - Mumbai,2025-09-23,table,POS,10,6,1710.00,0.00,1710.00,0.00,85.50,1795.50,
